partida4,producto,fob_usd,kg,empresas,destinos,descripcion
0804,"Palta, mango, dátil y piña",862244416.37,496789232.6,243,42,PALTAS FRESCAS EN CAJAS VARIEDAD: HASS CONSUMO HUMANO
0810,"Arándano, fresa y otras bayas",461429441.92,69627714.3,170,46,ARANDANOS FRESCOSCODIGO No13 RESTITUCION DE DERECHOS ARANCEL
0901,Café,331805506.99,53014628.2,164,46,CAFE VERDE EN GRANO A GRANEL CONSUMO HUMANO
0806,Uva,249900926.06,87286784.7,96,35,UVAS DE MESA FRESCAS EN CAJAS EN 20 PALLETS CHEP B4840A VARI
0805,Cítricos,186521258.95,148591866.3,174,31,MANDARINAS FRESCAS EN CAJAS VARIEDAD TANGO COLD TREATMENT
1801,Cacao en grano,137611467.79,29056487.8,90,31,CACAO EN GRANO CONVENCIONAL G1 EN SACOS CONSUMO HUMANO DRAWB
0709,Hortalizas frescas (espárrago y otras),99353910.42,23567322.5,96,36,ESPARRAGOS VERDES FRESCOSCODIGO No13 RESTITUCION DE DERECHOS
0811,Frutas congeladas,79772040.84,30004315.6,70,39,PALTA CONGELADA EN CAJAS CONSUMO HUMANO DRAWBACK D.S. 104-95
2005,Hortalizas preparadas,65515592.83,27313496.5,108,39,CONSERVAS DE PIMIENTO PIQUILLO CONSUMO HUMANO
1905,Galletas y panadería,46420319.3,19776222.3,84,37,"OREO REGULAR EXP 12X12X36G MARCA: MONDELEZ, MODELO: S/M USO:"
2309,Alimento balanceado,41451288.35,37444054.3,20,17,AQUATECH CM SMART 35% 1.9 EN SACOS ALIMENTO PARA CAMARON COD
1008,Quinua y cereales andinos,39983121.74,13978991.1,68,55,QUINUA BLANCASACOS X 25 KGPARA CONSUMO HUMANOCODIGO No13 RES
2009,Jugos de fruta,35831206.46,13038430.7,33,30,"JUGO DE MARACUYA 12-15 BRIX, CONGELADO ENVASADO EN CILINDROS"
0904,Pimienta y ají,32080104.34,7568378.6,93,21,PAPRIKA SECA PREMIUM PAPRIKA DRY WHOLE PREMIUM 1770 BOXES OF
0803,Banano y plátano,30886922.99,35079059.1,47,18,BANANO ORGANICO VERDE FRESCO DE LA VARIEDAD CAVENDISH VALERY
1804,Manteca de cacao,29425772.93,3897677.7,16,26,MUESTRA EMBARQUE MANTECA DEO 400 GR
1511,Aceite de palma,28498473.22,22891090.0,6,10,ACEITE CRUDO DE PALMA OIL PERUVIAN CRUDE PALM OIL (CARGA LIQ
2207,Alcohol etílico,27847907.21,26805508.0,7,4,ALCOHOL ETILICO RECTIFICADO ANHIDROCODIGO No13 RESTITUCION D
1806,Chocolate,26309451.88,3245139.1,77,30,CHOC.INST.SOL DEL CUSCO CLAV/CAN.90GR.X4DSP
2008,Frutas preparadas,25810083.24,10659069.0,87,31,PALMITOS PREPARADOS O CONSERVADOS USO: CONSUMO HUMANO
1701,Azúcar de caña,25010008.59,62949116.9,45,13,AZUCAR REFINADA SACOS X 50KG
1209,Semillas para siembra,24519745.68,288402.8,15,10,SEMILLA HIBRIDA DE PIMIENTOVARIEDAD SEGUN FACTURACODIGO No13
0801,Coco y castaña,19813482.76,2170016.6,29,31,NUECES DE BRASIL EN CAJA DE 20 KG - MEDIUM CONSUMO HUMANO DR
0910,"Jengibre, cúrcuma y especias",19769919.64,12583192.5,112,26,"HIERBAS, DILL CAJA DE CARTON X 15 LBCODIGO No13 RESTITUCION "
2106,Preparaciones alimenticias,18867425.29,2528636.7,109,38,MEZCLA EN POLVO A BASE DE ALMIDON DE YUCA PARA PREPARAR BEBI
1901,Preparaciones de harina y malta,18847144.64,11742405.9,35,32,LECHE EVAPORADA MODIFICADA BONGU 170 G X 48UND CJA
1515,Otros aceites vegetales,18712420.47,2448489.9,34,22,ACEITE CRUDO DE AGUACATE EN FLEXITANQUE
0708,Legumbres frescas,16206159.89,6692111.0,27,8,VAINA DE FREJOL FRESCOEN MALLAS
0601,Bulbos y tubérculos de flor,15902377.52,5917191.7,2,8,BULBOS DE FLORES BULBOS DE AMARYL VARIEDAD: RED LION HIPPEAS
1805,Cacao en polvo,15829220.94,2220964.2,30,35,POLVO DE CACAO NATURAL 10/12% / BOLSA X 25KG
3301,Aceites esenciales,15047788.75,406168.1,19,19,SUSTANCIA PARA SABORIZANTES Y FRAGANCIAS LOTE DE PRODUCCION:
2001,Conservas en vinagre,14904620.69,6182505.3,14,21,CONSERVAS EN VINAGRE USO: CONSUMO HUMANO
2103,Salsas y condimentos,13272198.12,4744716.1,103,28,SALSAS PREPARADAS CONSUMO HUMANO
0703,Cebolla y ajo,12579496.53,33570827.1,59,15,CEBOLLA AMARILLA DULCE FRESCA EN SACOS DE 25 KG CONSUMO HUMA
1404,"Productos vegetales diversos (tara, achiote)",12563361.07,6861513.3,30,23,HARINA DE TARA 2 PRESENTACION: 800 BAGS DE 25 KG PER BAG USO
0710,Hortalizas congeladas,12427424.53,4418515.5,53,19,GANDULES VERDES/ CAJANUS CAJAN CONGELADO PARA CONSUMO HUMANO
1207,Semillas oleaginosas,11377136.04,2038187.7,58,34,SEMILLA HIBRIDA DE MELONVARIEDAD SEGUN FACTURACODIGO No13 RE
0713,Legumbres secas,11208019.54,7945932.1,71,30,FRIJOL COMUNSACOS DE 50.00 KG. C/UCOMERCIALIZACION
1803,Pasta de cacao,10362415.89,1677668.6,27,24,PASTA DE CACAO ORGANICA CAJAS DE 17 KG CONSUMO HUMANO
0402,Leche en polvo,8679901.95,4425630.8,16,20,CARNATION Leche Evaporada Tarro48x395gXW EN CAJAS MARCA: CAR
1211,Plantas para perfumería,8672928.09,2598274.6,116,38,HIERBAS FRESCAS: BASIL (ALBAHACA) EN CAJAS DRAWBACK
1902,Pastas alimenticias,6280244.95,6889913.5,38,12,WANTAN EN UNIDADES
1518,Grasas y aceites modificados,5831134.21,5051987.0,5,2,ACEITES Y GRASAS DE ORIGEN ANIMAL Y/O VEGETAL (USED COOKING 
0814,Cortezas de cítricos,5785677.06,5058578.9,6,6,CASCARA DESHIDRATADA DE LIMON SUTIL EN PALLETS SE ACOGE AL D
2202,Bebidas no alcohólicas,5665095.9,7981093.0,64,29,GASEOSA INCA KOLA 600ML.X12U
1513,Aceite de coco y palmiste,5634498.25,3063460.0,4,5,ACEITE CRUDO DE PALMISTE EN CONTENEDORES 20FCL CON EQUIPOS F
1212,Algarroba y otros frutos,5086068.46,6528397.9,27,10,DRIED CHOPPED SEAWEEDS MACROCYSTIS INTEGRIFOLIA FOR INDUSTRI
2104,Sopas y caldos,4657659.39,1789136.4,26,13,SOPA INSTANTANEA CON FIDEOS SABOR GALLINA PICANTE AJI-NO-MEN
0712,Hortalizas secas,4620303.49,551140.9,45,19,HONGO DESHIDRATADO EN TROZOSEN BOLSAS DE PAPEL KRAFT CON 20.
2002,Tomate preparado,4488352.79,4878162.5,1,10,PASTA CONCENTRADA DE TOMATE HB 30/32 BRIXFORMA DE PRESENTACI
1006,Arroz,4225083.9,7930696.6,21,7,"ARROZ EN GRANO SEMIBLANQUEADO, S/MEN SACOS X 50 KGPARA SU CO"
0714,Raíces y tubérculos,4133716.29,4062025.1,53,11,CAMOTE MORADO FRESCOEN MALLAS
1516,Grasas y aceites hidrogenados,4063875.56,1723686.4,6,8,MANTECA DE PALMA NH 3942 B 10KG 1CJA EXEN CAJAS DE CARTONMAN
1106,Harinas de legumbres y frutas,3995582.52,684005.0,78,39,MUCILAGO DE CACAO LIOFILIZADO PULVERIZADO FREEZE DRIED COCOA
1005,Maíz,3936333.75,1875307.1,74,21,MAIZ EN GRANO SECO
2208,Pisco y licores,3750085.98,1088508.5,34,18,TABERNERO DESTILADO DE UVA QUEBRANTA (6 BOT X 2 L) CAJ X 6 B
2302,Salvados y afrecho,3367389.99,10700174.0,6,1,DERIVADO TRIGO AFRECHO MARCA:S/M EN SACOS DE 40 KG. C/U USO:
1302,Extractos vegetales (tara y otros),3029788.51,800662.2,42,36,HARINA DE GOMA DE TARA SOLGUM HP2 TARA GUM POWDER SOLGUM HP2
3302,Mezclas odoríferas,2961662.68,307520.4,37,22,SILLAO CAYPI 18 UNID. X 1 LT.
0603,Flores cortadas,2863601.21,332627.4,9,10,RAMOS DE FLORES FRESCAS WAX FLOWERCODIGO No13 RESTITUCION DE
1904,Cereales inflados y hojuelas,2791514.29,787412.2,85,25,FIDEOS ESPIRALES DON BITUTE 12 UNID. X 400 GR
0602,Plantas vivas,2764814.0,254874.1,9,9,PLANTAS DE ARANDANO VARIEDAD PLABLUE 1502 1L (BLUE MADEIRA) 
1704,Confitería sin cacao,2669721.28,567974.8,48,14,CANDY SURTIDO 18bx400gx100u
2007,Mermeladas y purés,2368188.01,1557034.5,28,18,"JALEA DE UVA PAMPA (12/19 OZ.) MARCA: PAMPA, MODELO: S/M, PE"
0813,Frutas secas,2364534.14,218244.8,21,16,AGUAYMANTO DESHIDRATADO ORGANICO ORGANIC RAW DRIED GOLDEN BE
0711,Hortalizas conservadas provisionalmente,1946818.35,2062258.9,24,4,ACEITUNA VERDE Y MULATA EN SALMUERAEN BIDONES
1703,Melaza,1872673.86,10618512.2,8,3,AGROLMOS MELAZA TM.MELAZA DE CANA DE AZUCAR A GRANEL.PRESENT
0205,Carne de equino,1333372.48,373765.0,4,2,CARNE CONGELADA DE EQUINO
2006,Frutas confitadas,1098299.51,296993.0,6,10,HORTALIZAS Y FRUTOS CONFITADOS CONSUMO HUMANO
1802,Cáscara de cacao,969901.4,1510578.3,7,7,CASCARILLA CACAO TRITURADA BOLSA X 25 KG
2203,Cerveza,895678.18,772463.0,10,14,CERVEZA CUSQUENA DORADA 330ML 6X4 EXP USA H MARCA: CUSQUENA 
1202,Maní,839941.74,1186985.1,5,3,MANI SIN CASCARAEMBALAJE : 800 SACOSX 50 KILOS CADA SACOPARA
0105,Aves vivas,816543.8,21540.8,3,2,PAVO BB DE CARNE MACHO EXPORTACION SELEC PAVO BB DE CARNE HE
1104,Granos aplastados y copos,757502.93,464808.6,49,16,MAIZ MOTE PRECOCIDO
1509,Aceite de oliva,739082.6,203125.9,8,6,ACEITE DE OLIVA EXTRA VIRGEN EXTRA VIRGIN OLIVE OIL EN FLEXI
0408,Huevos sin cáscara,704400.3,61490.0,1,1,YD25P - YEMA HIDROLIZADA PASTEURIZADA DESHIDRATADA 15KG BOX/
2401,Tabaco en rama,667387.46,76760.0,3,2,TABACO PARA RELLENO PESADO (HOJA CON VENA) DE EXPORTACION. C
2308,Residuos vegetales para forraje,630427.27,289234.0,5,5,"OPTICELL C5 BOLSA X 25 KG MARCA: OPTICELL, MODELO: S/M LOTE:"
0702,Tomate,618838.22,1078200.0,1,1,TOMATE FRESCO CAT 1 EN BANDEJAS EN 1150 BANDEJAS X 18 KGS C/
1102,Harinas de cereales,572762.0,204109.0,45,17,HARINA EXTRA D.V. SACO X 25KG
2102,Levaduras,552265.15,513236.1,5,3,SACCHAROMYCES CEREVISIAE BOLSA X 25 Kg 600 BOLSAS
0406,Quesos,547468.91,90521.9,1,1,QUESO CREMA RUMAY X 170 GR EN CAJAS CONSUMO HUMANO
0207,Carne de ave,478201.98,71699.1,1,1,PASTA DE PAVO CONG X 7.5 KG (V) S/M S/M PRESENTACION: 569 CA
1702,Otros azúcares,450279.92,94497.6,20,14,"JARABE SABOR A MAPLE YA 710 ML X 12 MARCA: YA, MODELO: S/M, "
2101,Extractos de café y té,426596.77,71528.6,30,10,CAFE SELLO ROJO X 10 UND X 850 GR
0704,Coles y brócoli,423321.04,103958.8,2,2,BROCOLI FRESCO EN CAJAS
1107,Malta,311414.74,430673.7,5,3,CEBADA TOSTADA PRESENTACION: 24 x 15 OZ PARA CONSUMO HUMANO
0401,Leche y nata sin concentrar,293058.07,343381.8,3,8,GLORIA UHT LECHE ENTERA TTP X 946 ML CJA
0204,Carne de ovino y caprino,282990.0,98925.0,1,1,CARNE OVINA CONGELADA USO: COMERCIALIZACION EN CAJAS
2201,Agua,278305.58,701102.6,21,5,AGUA CIELO SIN GAS NO RET.625ML.X15U
2204,Vino,251062.81,64182.2,8,11,RED WINE INTIPALKA MALBEC 2025 750ML 13.5% ALC (6 BOT X CASE
0604,Follaje y ramas,237462.42,32658.3,8,6,"CAJA HB/HB1, FOLLAE FRESCO MIXTO: MONSTERA,PAMPAS,LIVISTONA,"
2105,Helados,221963.29,29771.0,1,1,HELADOS NESTLE D'ONOFRIO SUBLIME 3X900ML CHOCOLATE FLAVORED 
0511,Cochinilla y otros productos animales,219603.84,43924.0,4,4,PIEL DE TILAPIA CONGELADA DRAWBACK
1507,Aceite de soya,195615.7,35649.5,8,1,ACEITE VEGETAL DE SOYA X 900 ML X 12 UNID
0802,Nueces,195000.0,25000.0,1,1,INSHELL PECAN(PECANA ENTERA)SACOS X 25 KGPARA CONSUMO HUMANO
0705,Lechuga,154588.98,39728.3,1,1,LECHUGAS FRESCAS EN CAJAS DRAWBACK
0106,Otros animales vivos,145694.56,2302.8,8,10,"CHELONOIDIS DENTICULATA - MOTELO, CON PERMISO DE EXPORTACION"
1208,Harinas,131017.76,22532.9,10,6,3737 LA NUESTRA 7 SEMILLAS+CACAO / GRAIN CEREAL FL OUR LA NU
0504,Tripas y estómagos,100642.41,49643.6,2,1,MENUDENCIAS CONGELADA DE EQUINO
1517,Margarina,95459.34,52795.2,4,2,ACEITE PALMEROLA EXTRA FRITURA 20LT
1101,Harina de trigo,91322.61,148050.4,6,3,HNA. EXTRA SCO X 25KG
5202,Desperdicios de algodón,76749.36,66728.6,2,2,"DESPERDICIOS DE ALGODON MARCA:TECNOQUIMICAS S.A., BUENAVENTU"
2402,Cigarrillos,71382.0,1074.0,1,3,INCA PETIT CORONA RED
2206,Otras bebidas fermentadas,68356.55,36452.3,10,5,"CHICHA DE JORA COCINA ""INCA'S FOOD"" 12 X 32 FL OZRIN 721-201"
2209,Vinagre,58027.85,67110.5,26,8,VINAGRE BLANCO SAN ESTEBAN 1LIT.X18U
0206,Despojos comestibles,57820.0,30100.0,1,1,VISCERAS CONGELADAS DE EQUINO EN CAJAS USO: PARA CONSUMO
1001,Trigo,56636.47,29458.3,9,3,TRIGO PELADO / PEELED WHEAT 12 X 14 OZ MARCA: DEL CAMPO 3551
0101,Caballos y asnos vivos,54390.0,7800.0,2,4,CABALLO DE CARRERAEQUINE: AMAZONKA.-CHESTNUT FEMALE 4 YEARS 
0808,Manzana y pera,48740.34,23808.7,3,3,PALTAS FRESCAS EN CAJAS VARIEDAD: HASS PARA CONSUMO HUMANO
0902,Té,45076.72,6041.9,21,7,"CHANCAPIEDRA ""MASSIE"" CHANCAPIEDRA ""HERBAL TEA"" 12 UND X 1.0"
0403,Yogur y leches ácidas,42999.56,16488.3,9,2,"YOGURT BATTIMIX BEB. GLORIA (FRESA, VAINILLA, OREO) 146 ML X"
0807,Melón y sandía,37178.0,361335.0,8,3,PAPAYA / PAPAYE 8KG EN CAJAS
1108,Almidones y féculas,32911.92,12185.6,13,6,"HARINA DE CHUNO ""INCA'S FOOD"" 12 X 12 OZCODIGO No13 RESTITUC"
0208,Carne de cuy y otras,31156.6,1355.7,2,1,"CUY CONGELADO PARA FREIR ""INCA'S FOOD"" 12 X 498 GRCODIGO No1"
0701,Papa,30523.36,33983.0,3,4,PAPA AMARILLA CONGELADA BOLSAS 500 GR CAJAS USO: CONSUMO HUM
0508,Coral y conchas,29584.0,19177.9,1,1,CASCARAS DE CONCHA DE ABANICO LIMPIAS Y SECASSCALLOPS BAY SH
0404,Lactosuero,28336.59,10954.8,4,1,BATIMIX DIFERENTE SABORES 24 UNID. 145 GR
2306,Tortas de otras oleaginosas,28253.5,8640.7,1,1,"TORTA DE PALTA, USO INDUSTRIAL AVOCADO CAKE(TOURTEAUX D AVOC"
0909,Semillas de anís e hinojo,27589.56,5471.7,17,6,COMINO GIGANTE BATAN 14 DISPLEY X 42 SOBRES
1204,Linaza,27115.08,5602.4,7,3,LINASA 12 BOLSAS POR 400 G USO: CONSUMO HUMANO MARCA: BELMON
0905,Vainilla,25893.11,408.6,5,4,VAINAS CURADAS TIPO AI
1105,Harina y copos de papa,25568.91,8584.6,12,9,"CEBADA TOSTADA ""ECCO"" TOASTED BARLEY 15 UND X 175 G"
0906,Canela,25436.09,4816.6,14,6,CANELA ENTERA X 30GR OLLA DE BARRO FOOD
2404,Productos de nicotina,21720.04,502.3,2,3,VELO SFYSP 0.420 15/5 6.0 PER 6MGCODIGO: 10241064ENVIO SIN V
2403,Tabaco elaborado,19088.0,660.0,2,2,PURO INCA ROBUSTO X 20CODIGO No13 RESTITUCION DE DERECHOS AR
0809,"Melocotón, cereza y ciruela",18370.51,30610.0,2,2,DURAZNOS FRESCOSEN CAJAS DE CARTON X 9 KGPARA SU COMERCIALIZ
1214,Forrajes,17747.7,63830.0,2,2,PACAS DE ALFALFA SECOEN BULTOS: 400 UNIDADESEMBALADAS EN PAC
1103,Sémola y pellets de cereal,12410.66,6940.3,7,3,HARINA DE TRIGO WHEAT FLOUR 12 UND X 1 KG
2004,Hortalizas congeladas preparadas,10443.1,2760.7,1,1,CRICKETS HABAS SALADAS 100 GR X 1 X 28 CRICKETS TOASTED BREA
0907,Clavo de olor,7940.62,1126.1,6,3,CANELA Y CLAVO OLOR OLLADE BARRO FOOD 20GR
1505,Grasa de lana y lanolina,7860.01,450.0,1,1,LANOLINA ANHIDRA USP X 50 KG LANOLINA ANHIDRA USP LOTE: 3106
0409,Miel de abeja,7227.2,1061.7,4,2,MIEL DE ABEJA TRADICIONES ANDINAS EN CAJAS 24 x 500 g
1206,Girasol,6567.43,2818.4,1,1,SEMILLAS DE GIRASOL TOSTADAS LOTE SFS150526 CODIGO: SG01
1512,Aceite de girasol y cártamo,5730.06,1481.6,4,3,"SAPOIL MARCA: S/M, MODELO: S/M USO: MATERIA PRIMA, CODIGO: 1"
1301,Gomas y resinas,4857.58,165.4,2,2,GUM ARABIC ENVASE / 25 KG PREPARACION ENZIMATICA PARA ALIMEN
1201,Soya,4417.43,1939.5,6,3,HABAS ANDINA FOOD X 50 GR
1003,Cebada,3058.41,3972.7,4,3,CEBADA TOSTADA
0707,Pepino,2740.97,770.9,6,2,PEPINO DULCE FRESCO EN KILOGRAMOS
0405,Mantequilla,2191.97,691.9,2,1,MANTY 12 POTE X 300 GR
1521,Ceras vegetales,2050.3,523.3,1,1,CARAS CEROTES GRUESOS THICK ZERO FACES
1004,Avena,1159.06,316.7,2,2,"QUINUA ROJA, BOLSA X 1KG."
0903,Mate,1009.34,312.4,1,1,HERBI GR MANZANILLA DSPX100 PLX16
0706,Zanahoria y remolacha,739.2,7392.0,2,1,OLLUCO FRESCOEN MALLAS
1401,Materias vegetales para cestería,75.0,1000.0,1,1,CANAS DE BAMBU GRUESO DE 6 METROS DE LARGO
5203,Algodón cardado,17.78,2.0,1,1,"CLEANED AND PROCESSED CARDED COTTON ALGODON CARDADO, LIMPIO "
