nombre,dep,clase,hub,horas_reparto,reparto_en_promesa,clientes_exclusivos,sam_exclusivo,margen_base,lat,lon
AGROSERVICIOS LA CASA DEL CAMPESINO S.R.L.,JUNIN,canal,Satipo,0.0527905707521289,True,1656.903248677752,4844499.387463857,15260.173070511148,-11.196044039833293,-74.6180556923333
Promart,ICA,comercio,Pisco,0.0585481433853602,True,653.1632899289477,4804896.127473065,15135.42280154015,-13.711186,-76.195788
AGROCOMERCIAL LEYDI & NAISHA E.I.R.L.,LA LIBERTAD,canal,Chiclayo,2.314001366762243,True,985.7593296288436,3780730.090964241,11909.299786537356,-7.731538622333289,-79.2955613383333
AGROSERVICIOS AMAZONICOS E.I.R.L.,SAN MARTIN,canal,Bellavista,3.843320181043184,True,775.0170998053982,3558568.49167185,11209.490748766326,-8.255198821499931,-76.52505808574996
ASOCIACION DE PRODUCTORES AGROPECUARIOS Y SEMILLERISTAS LA PODEROSA,LA LIBERTAD,canal,Huamachuco,0.2611984402762674,True,901.5113756707544,3457609.867743584,10891.471083392287,-7.811962216624948,-78.01877318312496
AGROSERVICIOS ORO VERDE SOCIEDAD ANONIMA CERRADA - AGROSERVICIOS ORO VERDE SAC,JUNIN,canal,Satipo,0.9141231059591476,True,1063.6065297822347,3109802.087807194,9795.876576592658,-10.98927795066662,-74.83262394833329
INSUMOS AGRICOLAS J & K S.R.L.,LAMBAYEQUE,canal,Chiclayo,1.013624084134972,True,661.9741473850495,2947194.326519665,9283.662128536942,-6.5027159718888345,-79.8787747583333
AGROSERVICIOS JHUNIOR HC S.R.L.,LAMBAYEQUE,canal,Chiclayo,0.4436463004350804,True,637.9858340738343,2840395.260162067,8947.245069510509,-6.788854413999928,-79.69287900949996
Vet House,ICA,comercio,Pisco,0.965020306000256,True,366.7553680862873,2697979.930928847,8498.636782425865,-13.985313,-75.77297
La Pradera,TACNA,comercio,,,False,728.3194040048361,2398653.359430876,7555.758082207259,-18.224943,-70.531952
AGRO DISTRIBUIDOR SAN FRANCISCO SOCIEDAD COMERCIAL DE RESPONSABILIDAD LIMITADA,LAMBAYEQUE,canal,Chiclayo,0.5471842990721545,True,510.88455245167273,2274523.95299707,7164.7504519407685,-6.659179089166618,-79.90060426241662
COMERCIAL DISTRIBUIDORA AGROPEZ SOCIEDAD COMERCIAL DE RESPONSABILIDAD LIMITADA,PUNO,canal,Juliaca,2.015884083261642,True,1342.1021488434894,2253265.984366484,7097.787850754423,-16.11891839914281,-69.61075756564283
AGRO SERVICIOS PACASMAYO S.A.C.,SAN MARTIN,canal,Bellavista,0.4973233665992753,True,490.55501154452895,2252432.3759468133,7095.16198423246,-7.159358838249943,-76.40707039074995
Colors Fish,ICA,comercio,Pisco,1.304193835475294,True,301.0072988805907,2214314.287151395,6975.090004526893,-14.085013,-75.723631
San Pedro,PUNO,comercio,Juliaca,0.1430420172056596,True,1293.558323175446,2171765.3689155104,6841.060912083856,-15.489166,-70.132765
AGRO VETERINARIA EL MOLINO E.I.R.L.,UCAYALI,canal,Tarma,9.778074403429358,False,437.619156193178,2150430.6790428106,6773.856638984852,-8.504587933499948,-74.82641630649995
Lopez,LA LIBERTAD,comercio,Chiclayo,,False,534.673060470787,2050657.2626717745,6459.570377416088,-7.980918,-78.548283
La Económica,JUNIN,comercio,Tarma,1.3543956220344628,True,660.7570212107063,1931939.5909641755,6085.609711537151,-11.123631,-75.35536
Yupanqui,ICA,comercio,Pisco,1.304193835475294,True,260.6858650836068,1917695.8089047608,6040.741798049997,-14.114749,-75.670162
AGROSERVICIOS VALLE DEL NORTE E.I.R.L.,LAMBAYEQUE,canal,Chiclayo,0.8235371688289927,True,424.6237518321649,1890479.7373866655,5955.011172767996,-6.3518526279999605,-79.79381142449996
AGROSERVICIOS GREYSSI & JOSUE S.A.C.,LA LIBERTAD,canal,Chiclayo,1.5563881818261769,True,500.6976027188408,1888041.2638313328,5947.329981068697,-7.280277065499945,-79.47136821024996
Vivero Las Palmeras Piscoya,LAMBAYEQUE,comercio,Chiclayo,1.375512819675237,True,428.938511476392,1877407.5303768811,5913.833720687175,-5.992352,-79.726365
AGROPECUARIA & AGROVETERINARIA EL CORRAL E.I.R.L.,SAN MARTIN,canal,Bellavista,1.643692585136887,True,402.3058208652069,1847227.3947330692,5818.766293409168,-6.46626801849996,-76.43875776274996
Promart,TUMBES,comercio,Chiclayo,6.974805135813187,False,272.6403191078646,1846918.149413532,5817.792170652625,-3.557912,-80.453464
AGRO SERVICIOS HERNANDEZ E.I.R.L.,LAMBAYEQUE,canal,Chiclayo,1.3757592402656824,True,413.4561941009788,1840760.329285237,5798.395037248495,-6.14811952324996,-79.69034406099995
AGROVETERINARIA EL TAMBO E.I.R.L.,LAMBAYEQUE,canal,Chiclayo,0.426511952948192,True,392.68761884096926,1748295.9522125274,5507.13224946946,-7.025682739749946,-79.65379419212496
El Olivar,TACNA,comercio,,,False,528.6957303350825,1741211.0438246485,5484.814788047641,-18.224312,-70.535638
ASOCIACION DE PRODUCTORES SEMILLERISTAS Y SERVICIOS MULTIPLES SUMAC ILLARI,PUNO,canal,Juliaca,1.892659197857117,True,1016.2633251251448,1706212.5886892576,5374.56965437116,-14.917742712099948,-70.58910830039997
Ferreteria William,LA LIBERTAD,comercio,Chiclayo,1.1251901204746066,True,436.98337704685554,1675983.3289878892,5279.34748631185,-7.156094,-79.444427
Mundo Animal,PUNO,comercio,Juliaca,0.9880459004360606,True,991.9071465639375,1665320.8065634214,5245.760540674776,-15.045157,-70.367481
Ferreteria Errezeta,LA LIBERTAD,comercio,Chiclayo,3.1050709786113244,True,415.8638392096828,1594982.5514062853,5024.195036929797,-7.988696,-79.071448
Ferreteria Martha,ICA,comercio,,,False,216.68484084612845,1594008.984762352,5021.128302001407,-13.833634,-76.139933
AGROSERVICIOS CHAVEZ EIRL,SAN MARTIN,canal,Bellavista,5.0651848537731325,True,342.19563851230123,1571225.4832869738,4949.360272353966,-5.821537667999944,-77.4067599833333
AGROSERVICIOS E INVERSIONES JIBAJA S.A.C.,SAN MARTIN,canal,Bellavista,1.605475537743294,True,340.3972954363484,1562968.211274641,4923.34986551512,-6.60860632316663,-76.7158019123333
Ferretería Checa,PUNO,comercio,Juliaca,0.6735542225461566,True,917.7246034493434,1540775.1442396163,4853.44170435479,-15.63941,-70.347169
APPAI,AREQUIPA,comercio,Juliaca,5.395672030251448,False,296.6814338976976,1537998.5536962897,4844.695444143311,-16.645194,-71.87668
Facasa,ICA,comercio,Pisco,0.7618700061726205,True,208.92768287861816,1536944.6352298774,4841.375600974113,-13.444535,-76.135845
Promart,PUNO,comercio,Juliaca,0.1430420172056596,True,896.7942866926475,1505635.0687762706,4742.750466645251,-15.49614,-70.129356
Ferreteria Peñafiel,AREQUIPA,comercio,Juliaca,6.563329217479544,False,289.9674591775301,1503193.2634780558,4735.058779955874,-17.165398,-71.799437
Santa Rosa,AREQUIPA,comercio,Juliaca,5.395672030251448,False,284.52727734359587,1474991.3241705874,4646.222671137349,-16.49336,-71.843929
La Solución,LIMA,comercio,Pisco,5.237208683140843,False,300.9792758853189,1469901.471646616,4630.189635686839,-11.134988,-77.195868
"Agroveterinaria ""Sur Andino""",CUSCO,comercio,Sicuani,1.2142785170015418,True,682.6448997758839,1444826.2193360843,4551.202590908665,-14.218079,-71.431085
CONSTRUCCIONES & AGROSERVICIOS FYM S.A.C.,SAN MARTIN,canal,Bellavista,0.5388414010634826,True,314.3610696838631,1443420.2779088956,4546.7738754130205,-6.830699091249954,-76.58152511299996
MOLINO DE DOLOMITA - INSUMOS AGRICOLAS FLAQUETA E.I.R.L.,HUANUCO,canal,Tarma,6.02087279230942,False,484.7436706205263,1442654.5203451577,4544.361739087245,-9.380534043333284,-75.97580413799999
AGROCOMERCIALIZADORA FENIX DEL SUR U & M SOCIEDAD ANONIMA CERRADA,PUNO,canal,Juliaca,3.002028757795133,True,843.7948245087948,1416653.8497002851,4462.459626555898,-16.279852241124956,-69.08620082987497
Casa Blanca,LAMBAYEQUE,comercio,Chiclayo,1.077143435887015,True,316.6911857505274,1409950.025374388,4441.342579929322,-6.47824,-79.682359
Totty's,CUSCO,comercio,Sicuani,0.2990169330524693,True,640.4530060264501,1355526.5639037532,4269.908676296822,-14.186565,-71.343061
Ferretería Jesús,ICA,comercio,Pisco,2.3914228485005604,True,183.904007486494,1352861.7836050717,4261.514618355974,-14.534137,-75.187948
AGROCOMERCIAL IZUMI EMPRESA INDIVIDUAL DE RESPONSABILIDAD LIMITADA,LAMBAYEQUE,canal,Chiclayo,0.2764130371427082,True,298.6227820988934,1329507.160737277,4187.947556322421,-6.613897299222174,-79.79464823255552
Socola,TUMBES,comercio,Chiclayo,7.835044338905437,False,195.420162519764,1323813.9028743636,4170.0137940542445,-3.682763,-80.199848
La Hacienda,JUNIN,comercio,Tarma,1.290334264876605,True,451.9616642957388,1321457.9714205684,4162.592609974789,-11.779161,-75.496508
ASOCIACIÓN DE PRODUCTORES AGROPECUARIOS Y FORESTALES LOS SEMILLEROS DE SHIRINGAMAZU,PASCO,canal,Tarma,6.2678522256384985,False,500.5581324932105,1292058.3270995286,4069.9837303635145,-10.170269252666628,-75.29819524599996
AGROSERVICIOS VELA E.I.R.L.,SAN MARTIN,canal,Bellavista,1.3721325570829843,True,277.402404075553,1273720.870036486,4012.2207406149305,-7.0102373106666205,-76.12003006166663
AGRO SERVICIOS MAS COSECHA EIRL,HUANUCO,canal,Bellavista,5.917386096603188,True,426.7893359270174,1270175.5629362676,4001.0530232492415,-8.897235273749956,-76.13537083762496
Vivero Municipal,SAN MARTIN,comercio,Bellavista,3.182278874170449,True,273.2466560852238,1254639.33769168,3952.113913728792,-6.046843,-76.974805
TOP AGROVETERINARIA EL CAMPESINO S.A.C,SAN MARTIN,canal,Bellavista,4.805022509666425,True,269.1040118690063,1235617.9726356836,3892.196613802402,-5.874582397249959,-77.07746978587497
Vivero Municipal Hbba,PIURA,comercio,Chiclayo,5.833546777020708,True,315.9337481307987,1235204.215920594,3890.8932801498704,-5.247168,-79.452533
A construir,CUSCO,comercio,Sicuani,1.972288544737404,True,580.172129371168,1227941.3565071844,3868.01527299763,-13.591351,-71.787566
DISTRIBUIDORA AGROPECUARIA MAURICIO S.A.C.,JUNIN,canal,Tarma,1.9855974247691868,True,403.1342294632376,1215064.6488981638,3827.453644029215,-12.137899050999962,-75.22377150974997
Coliseo de Gallos Santa María,ICA,comercio,Pisco,2.3914228485005604,True,164.78252617034738,1212197.5225479384,3818.422196026005,-14.531066,-75.190981
AGROSERVICIOS PALMAS DEL ORIENTE E.I.R.L.,SAN MARTIN,canal,Bellavista,2.751774547328989,True,262.96182963292006,1207415.528869048,3803.358915937501,-6.228803217499944,-76.30090881499994
Clinivet,LIMA,comercio,Pisco,5.087355273652894,False,243.323835934228,1188327.8789689832,3743.2328187522967,-11.107281,-77.596921
AGRO VETERINARIA EL ENGORDE E.I.R.L.,SAN MARTIN,canal,Bellavista,4.563879016372145,True,254.866193519566,1170243.606339523,3686.267359969498,-6.288707473499954,-77.09286929499996
AGRO VETERINARIA EL APU E.I.R.L.,AMAZONAS,canal,Chiclayo,9.003533831347113,False,323.5847688577557,1131884.937994338,3565.4375546821643,-4.797135414399963,-77.93287190039997
Tiendas Comerciales,AREQUIPA,comercio,Juliaca,6.024416933241459,False,218.28534714994075,1131592.711411345,3564.517040945736,-16.364095,-72.19135
AGROVETERINARIA IZQUIERDO E.I.R.L.,TUMBES,canal,Chiclayo,6.974805135813187,False,157.5142688435755,1067032.062134974,3361.150995725167,-3.54901994949995,-80.42293371883329
Señor de los milagros,PIURA,comercio,Chiclayo,3.804758317032244,True,271.1082330728236,1059950.1776672958,3338.843059651981,-4.929786,-80.343327
ASOCIACION DE PRODUCTORES AGROPECUARIOS Y SERVICIOS MULTIPLES LOS SEMILLEROS DE PATAY,JUNIN,canal,Tarma,0.4219740874775137,True,361.5154029637013,1057008.699580997,3329.57740368014,-11.32114496274994,-75.52439892874996
Ferretería Los Ángeles,LA LIBERTAD,comercio,Huamachuco,3.645772398887248,True,271.370902267602,1040801.8521128674,3278.525834155532,-8.408201,-78.815177
EMPRESA LOS SEMILLEROS DE GUINDA HUAMANCACA CHICO S.A.C.,JUNIN,canal,Tarma,1.715449670031545,True,355.6108203504207,1039744.7181891478,3275.195862295815,-12.076823579999967,-75.24886359399994
Negociaciones Prusia,PASCO,comercio,Tarma,4.863697183159374,True,402.4196242836032,1038739.7442812412,3272.0301944859093,-10.070117,-75.550328
Vivero El Huerto,PIURA,comercio,Chiclayo,3.804758317032244,True,252.98644977162883,989099.5538701572,3115.663594690994,-4.908126,-80.342295
AGROVETERINARIA GUEVARA E.I.R.L.,SAN MARTIN,canal,Bellavista,0.6893422051146256,True,211.27876201339743,970107.557174024,3055.8388050981757,-6.9712644739999705,-76.32614529266662
Camay,LIMA,comercio,Pisco,5.307795099276896,False,193.1638415516218,943360.017497777,2971.584055117997,-10.910057,-77.627448
Negocios El Triunfo,LAMBAYEQUE,comercio,Chiclayo,0.2255086737093366,True,211.13763914789155,940012.015075675,2961.0378474883755,-6.705136,-79.901813
AGROSERVICIOS SAMBOR  S.A.C,CUSCO,canal,Sicuani,2.85466213676564,True,430.96542420485537,912143.553292347,2873.2521928708925,-13.473587470999954,-72.15950086588886
AGROSERVICIOS DEL HUALLAGA E.I.R.L.,SAN MARTIN,canal,Bellavista,0.2393157876145856,True,197.6538163832114,907547.2572367756,2858.773860295842,-6.999837139999954,-76.58720885099996
Maestrlto,JUNIN,comercio,Tarma,1.290334264876605,True,309.95070354261696,906242.4101434264,2854.663591951793,-11.780543,-75.496188
"EMPRESA COMERCIALIZADORA DE INSUMOS AGRICOLAS, PECUARIOS MULTISERVICIOS E.I.R.L. - EMCAPEMS",AYACUCHO,canal,Pisco,6.174521968508929,False,290.820708324112,903339.768347702,2845.520270295261,-13.506661705299956,-74.21325995969997
AGROSEMILLERA SAN AGUSTIN E.I.R.L.,AREQUIPA,canal,Juliaca,7.228806099632764,False,173.97835748185508,901904.9782327,2841.0006814330045,-16.0365276623333,-72.53022305866664
AGROSERVICIOS TRES PIEDRAS,UCAYALI,canal,Bellavista,7.878307380727101,False,182.73977879365967,897970.8064377201,2828.608040278817,-9.018102952124949,-75.55121519962498
AGROVETERINARIA GAMARRA EIRL,JUNIN,canal,Tarma,1.1846308366952534,True,306.44204236413475,895983.6898810698,2822.3486231253696,-11.188785277999957,-76.01190594399998
Vivero Forestal de Marcavelica,PIURA,comercio,Chiclayo,3.5016477423964028,True,229.06142932227164,895560.0497814785,2821.0141568116564,-4.880674,-80.698436
BARBOZA AGROSERVICIOS E.I.R.L.,UCAYALI,canal,Tarma,10.033700252777331,False,185.87021653429488,887386.3363260379,2795.2669594270187,-8.458684046499954,-75.20966584774996
AGROCOMERCIAL LUCHO S.A.C.,JUNIN,canal,Satipo,1.3825185978392642,True,302.8562735439411,885499.5201705706,2789.3234885372967,-11.625696256714248,-74.37676050014282
Ferreteria Vidreria San Antonio,PUNO,comercio,Juliaca,1.276819388563737,True,512.2288522496349,859985.0987346751,2708.953061014226,-14.916517,-69.867645
AGROSERVICIOS NAZARETH  E.I.R.L.,AREQUIPA,canal,Juliaca,6.501308314101161,False,165.23778827109982,856593.8085109731,2698.2704968095645,-16.355911164285665,-72.25542138499996
AGROVETERINARIA Y REPRESENTACIONES SANTIAGO ALTAMIRANO EIRL,CAJAMARCA,canal,Chiclayo,5.218481705216816,True,466.2495312086209,854210.1351662348,2690.761925773639,-6.563931802499951,-78.64512447433329
Cobos,SAN MARTIN,comercio,Bellavista,3.182278874170449,True,181.67678601550304,834187.1250909334,2627.6894440364395,-6.03496,-76.976408
AGRO COMERCIALIZADORA PLATO FINO S.A.C.,SAN MARTIN,canal,Bellavista,0.695199869829053,True,181.37744223461252,832812.6581957871,2623.3598733167287,-6.923172370999964,-76.41933325799995
Maderera Selva,LA LIBERTAD,comercio,Huamachuco,3.834136827785757,True,216.07173625178507,828710.3053456201,2610.437461838703,-8.541919,-78.67509
SOFY SEMILLERO DEL EXITO E.I.R.L.,SAN MARTIN,canal,Bellavista,0.8053045711319299,True,179.18640277589984,822752.2814844312,2591.6696866759576,-7.263113707999963,-76.74737653624997
Aceros Arequipa,ICA,comercio,Pisco,0.7618700061726205,True,111.64673004331294,821312.1421574398,2587.133247795935,-13.41239,-76.12125
Fernández,HUANUCO,comercio,Tarma,3.8969716942257207,True,276.76237388878616,817499.7337637683,2575.124161355869,-10.138305,-76.196919
Ferretería Profer San Jerónimo,JUNIN,comercio,Tarma,1.715449670031545,True,274.01669864559585,801177.5761818397,2523.7093649727944,-11.947962,-75.285811
Maderera Huánuco,HUANUCO,comercio,Tarma,5.015590688861649,True,262.98666814212595,782679.4418998328,2465.440241984473,-9.91857,-76.234386
Sodimac,LIMA,comercio,Pisco,1.3603158680328946,True,160.0128595020397,781459.5771505877,2461.5976680243507,-13.075478,-76.372607
AGROSERVICIOS UCAYALI S.A.C.,SAN MARTIN,canal,Bellavista,1.847099072417524,True,169.4417603927162,778008.7818169859,2450.727662723505,-6.614844020199951,-76.34926345519995
AGROVETERINARIA COMERCIALIZADORA REAL SRL,LA LIBERTAD,canal,Chiclayo,1.4878224871801011,True,199.10020719893376,763618.5850329674,2405.3985428538467,-7.3999051459999805,-79.54781665499996
El Vivero,AREQUIPA,comercio,Juliaca,6.024416933241459,False,145.56878255309047,754629.5502508029,2377.0830832900288,-16.347603,-72.18961
AGROSERVICIOS TORRES SRL,AMAZONAS,canal,Chiclayo,5.06929364361305,True,218.39950826122163,751877.8714786771,2368.4152951578326,-5.58864530733329,-78.52011989433329
AGROSERVICIOS LA PRADERA S.R.L.,LA LIBERTAD,canal,Chiclayo,1.1251901204746066,True,178.61950871917003,737847.738107964,2324.220375040086,-7.118824663166625,-79.46094220733329
Ferretería Inversiones San Miguel,LAMBAYEQUE,comercio,Chiclayo,0.2764130371427082,True,165.47922332774027,736734.8559984127,2320.714796395,-6.764031,-79.831573
AGRO DISTRIBUIDORA ELMI E.I.R.L.,UCAYALI,canal,,,False,191.1914852447256,727385.3431658434,2291.263830972406,-8.779942925799947,-73.97564209199996
Shalon,AREQUIPA,comercio,Juliaca,6.024416933241459,False,139.4690256584238,723008.369381321,2277.476363551161,-16.348024,-72.188796
Vivero Municipal,PIURA,comercio,Chiclayo,3.686483937473158,True,180.80427635990864,706889.3580934291,2226.701477994301,-5.317837,-79.786147
AGROSEMILLERA CARLITOS EMPRESA INDIVIDUAL DE RESPONSABILIDAD LIMITADA,AREQUIPA,canal,Juliaca,7.341491787111587,False,135.9794441399763,704918.3552612322,2220.492819072881,-16.271268264999964,-72.49312633266663
Ferretería Nicoll,PASCO,comercio,Tarma,3.1900796766524,True,268.476403508917,693000.7730683197,2182.9524351652067,-10.572139,-75.406513
Ferretería Paramonga,LIMA,comercio,Pisco,5.6916977603058125,False,141.89431369719964,692973.4942988942,2182.8665070415163,-10.6747,-77.820035
AGROVETERINARIA RUBIO S.A.C.,SAN MARTIN,canal,Bellavista,4.209830409302858,True,150.78974092215216,692366.1697885992,2180.953434834087,-5.903089736999945,-77.35914823124997
Ferreteria Rosales,JUNIN,comercio,Tarma,0.0670175773165809,True,232.73560080115163,680478.764479443,2143.508108110245,-11.417741,-75.68826
My Dog Beautiful,LIMA,comercio,Pisco,4.57272988343412,False,138.92071381977863,678451.2358375683,2137.12139288834,-11.491694,-77.209188
Agrovetarina Altiplano,CUSCO,comercio,Sicuani,4.462880391245783,True,320.5208722482931,678386.3180122527,2136.9169017385952,-13.317197,-71.596548
AGROSERVICIOS M & R E.I.R.L.,ICA,canal,Pisco,0.965020306000256,True,91.95994264245763,676489.2931038057,2130.9412732769874,-14.011633399999935,-75.69780896066662
Corporation Pachas s.r.l.,PIURA,comercio,Chiclayo,5.7736052007152106,False,171.18221419457416,669270.0413132836,2108.200630136843,-4.931807,-79.946576
Ferretería Pelaez,LA LIBERTAD,comercio,Huamachuco,2.795084166722603,True,174.14034249444012,667888.8174129073,2103.849774850657,-8.087975,-78.998935
H&C Ferromateriales,LAMBAYEQUE,comercio,Chiclayo,0.2764130371427082,True,149.73846808726486,666654.9824518111,2099.963194723204,-6.771655,-79.795114
Ferretería y Materiales de Construcción Rocky,LA LIBERTAD,comercio,Huamachuco,2.795084166722603,True,173.108827102654,663932.5968996438,2091.3876802338773,-8.174263,-78.997495
POSTA VETERINARIA,TACNA,comercio,Juliaca,8.01038561375126,False,197.6340724792213,650889.7460147054,2050.3026999463214,-17.795701,-70.495339
Ferretería Loechle,PASCO,comercio,Tarma,3.1900796766524,True,244.42766924596347,630925.3309895233,1987.4147926169985,-10.574262,-75.403681
AGROSERVICIOS Y NEGOCIOS R & A EMPRESA INDIVIDUAL DE RESPONSABILIDAD LIMITADA,ICA,canal,Pisco,0.3324523879337658,True,85.58246097697977,629574.3218707799,1983.159113892956,-13.532068524066627,-76.09022220366663
Agro. El olivar,LIMA,comercio,Pisco,5.312492602796364,False,128.86565970634362,629345.0679947829,1982.436964183566,-11.015051,-77.602896
Romero,JUNIN,comercio,Tarma,1.9855974247691868,True,214.88709408164505,628292.8085771916,1979.122347018153,-12.087474,-75.198666
Ferretería San Martín,PIURA,comercio,Chiclayo,4.421005113636523,False,160.49985556714944,627505.2900303407,1976.6416635955727,-4.657113,-80.238431
AGRO COMERCIALIZADORA E INVERSIONES NUCAR S.A.C.,SAN MARTIN,canal,Bellavista,3.774667494082822,True,138.65004604771607,613698.7889593218,1933.1511852218632,-6.0211265073332925,-77.28343985833328
AGROVETERINARIA CASA GRANDE E.I.R.L.,LA LIBERTAD,canal,Chiclayo,2.7749423314959256,True,159.6909373232151,612470.3199304094,1929.2815077807893,-7.630586066999939,-79.19929836349996
AGRO COMERCIAL PORVENIR S.A.C.,LIMA,canal,Pisco,5.79940530506873,False,143.681266464414,604310.1510423787,1903.5769757834928,-10.644236568499949,-77.70549392674995
Conselva de la villa,SAN MARTIN,comercio,Bellavista,1.643692585136887,True,128.54630672696146,590233.2180208806,1859.2346367657733,-6.507594,-76.347321
Agrotecnología Integral,LA LIBERTAD,comercio,Huamachuco,3.645772398887248,True,151.14354761859116,579688.105769031,1826.0175331724477,-8.426488,-78.780181
AGRO SERVICIOS PEGASSO S.A.C.,AREQUIPA,canal,Juliaca,6.005942203296156,False,110.77162222940908,574240.8365134476,1808.85863501736,-16.53202525249995,-72.12599590999997
Ferretería Villalta,PIURA,comercio,Chiclayo,6.111034562104583,False,143.86635768842785,562473.4065203932,1771.7912305392383,-4.641542,-79.715543
AGRO SERVICIOS TORRES SOCIEDAD COMERCIAL DE RESPONSABILIDAD LIMITADA AGRO SERVICIOS TORRES S.R.L.,JUNIN,canal,Satipo,1.7446566623015412,True,189.85661789375297,555108.0123877096,1748.5902390212848,-11.34937627812495,-74.38681988274996
Los Leones,LAMBAYEQUE,comercio,Chiclayo,0.2255086737093366,True,124.2833592921406,553325.5533218642,1742.975492963872,-6.777845,-79.844065
AGROSERVICIOS SANTA ISABEL S.A.C.,CAJAMARCA,canal,Chiclayo,4.987670123479137,True,299.8366376315593,549327.0826355908,1730.3803103021107,-5.560942802749956,-78.77268994724996
Maestro,CAJAMARCA,comercio,Huamachuco,2.974150965951349,True,299.1290840445121,548030.7822539859,1726.2969641000554,-7.161401,-78.50319
Verito,CUSCO,comercio,Sicuani,2.739454037330924,True,258.3854074527202,546875.8522975723,1722.6589347373524,-13.382651,-72.11743
Vivero OL & AS,PIURA,comercio,Chiclayo,3.361069548171282,True,139.6517516493998,545995.5874249272,1719.8861003885202,-5.119584,-80.919398
AGROSERVICIOS EL SEMBRADOR E.I.R.L.,AREQUIPA,canal,Juliaca,7.209991944605171,False,104.89156620024876,543758.5864120808,1712.839547198054,-16.629631488999962,-72.70989803949996
Y&L,LAMBAYEQUE,comercio,Chiclayo,0.3393847730159745,True,120.1132818262974,534759.8303294649,1684.493465537814,-6.779954,-79.834772
Ferreteria Maranatha,JUNIN,comercio,Tarma,0.0670175773165809,True,182.4435680027786,533433.532791678,1680.3156282937853,-11.418857,-75.692109
AGROCOMERCIALIZADORA Y DE SERVICIOS EMA S.A.C.,PIURA,canal,Chiclayo,3.675244993160447,True,134.6721243578773,526526.7694825801,1658.5593238701272,-4.8364109005555065,-80.57625466399996
AGROSERVICIOS VALERY S.A.C.,ICA,canal,Pisco,1.2800623915581704,True,71.0479322324129,522653.27784362365,1646.3578252074142,-14.140398188499972,-75.83562266299995
Gonzales,CUSCO,comercio,Sicuani,3.259237768493378,True,245.1492031126633,518861.2650923021,1634.4129850407514,-13.275832,-72.186555
Depósito de Materiales DINO,PIURA,comercio,Chiclayo,3.3979000019751457,True,131.98528247218772,516022.0404235566,1625.469427334203,-5.402815,-80.749709
Pernería - Ferretería Pekasur,CUSCO,comercio,Sicuani,2.85466213676564,True,243.54710989414903,515470.4153420297,1623.7318083273933,-13.459854,-72.148479
Luchito,AREQUIPA,comercio,,,False,97.67670696590432,506356.7074951467,1595.023628609712,-17.000519,-72.096842
Ferretería Jonathan,PIURA,comercio,Chiclayo,6.111034562104583,False,129.19189000342223,505100.73121061537,1591.067303313438,-4.638685,-79.714834
EMPRESA DE AGROSERVICIOS MALON SAC,SAN MARTIN,canal,Bellavista,0.695199869829053,True,109.8749494490596,504501.81451691553,1589.1807157282835,-7.018723231999957,-76.49929932849997
AGRO SERVICIOS BLANCO S.A.C.,CAJAMARCA,canal,Chiclayo,3.8579451661690194,True,272.2887989181276,498857.0200278304,1571.399613087665,-6.379289812318135,-78.83682229049997
AGRO COMERCIAL UNION E.I.R.L,TUMBES,canal,Chiclayo,7.429176645754136,False,73.35539634985723,496923.6146704113,1565.3093862117953,-3.512163261499936,-80.23228071824995
IMPORTACIONES DISTRIBUCIONES AGRO VETERINARIA PERU SOCIEDAD ANONIMA CERRADA,PUNO,canal,Juliaca,0.391732177357745,True,295.9010374807104,496790.6079791172,1564.8904151342188,-15.468395172166623,-70.20194182133329
La Casa del Constructor,APURIMAC,comercio,Sicuani,9.65591072803736,False,88.71045225682751,495233.05222888064,1559.9841145209737,-13.653872,-73.428591
AGROVETERINARIA MALENIC S.A.C.,LIMA,canal,Pisco,1.3603158680328946,True,101.28689594406409,494657.8363867995,1558.1721846184182,-12.956796703599958,-76.38260593479995
AGROSERVICIOS PERENE EMPRESA INDIVIDUAL DE RESPONSABILIDAD LIMITADA - AGROSERVICIOS PERENE E.I.R.L.,JUNIN,canal,Satipo,2.1634640714850333,True,168.03686320852532,491310.81222436106,1547.629058506737,-10.92146133808329,-75.05654672149997
K & R AGROVETERINARIA Y DISTRIBUCIONES S.A.C.,PUNO,canal,Juliaca,1.901945142676208,True,291.01262068055826,488583.40608865,1539.037729179247,-16.068210813687458,-69.75708566693746
Siderperu,JUNIN,comercio,Tarma,1.7694882419143738,True,166.98816525157005,488244.6002327081,1537.97049073303,-11.91519,-75.31607
Sodimac,PIURA,comercio,Chiclayo,3.00883433913856,True,123.16582184230668,481540.6498895367,1516.85304715204,-5.182059,-80.622986
D' Mars,LA LIBERTAD,comercio,Huamachuco,3.834136827785757,True,125.24803508720125,480369.8031106832,1513.1648797986518,-8.540779,-78.677406
AGROSERVICIOS MULTIPLES GONSAF S.A.C,CAJAMARCA,canal,Chiclayo,4.730088150780968,True,231.28306454463512,479017.43985389546,1508.9049355397703,-6.02990027019996,-79.12450442319997
AGROSERVICIOS M & M E.I.R.L.,ANCASH,canal,Huamachuco,4.633802710677776,False,256.3357869525332,475803.5064936674,1498.781045455052,-8.990527793499979,-78.61250742199996
AGRO DISTRIBUCIONES SJ FERTIL E.I.R.L.,AREQUIPA,canal,Juliaca,5.007712689329355,True,91.29636638465018,473280.9789025636,1490.8350835430751,-16.420070625999927,-71.47799918099997
AGROVETERINARIA EL VALLE CONDEBAMBA S.R.L.,CAJAMARCA,canal,Huamachuco,1.4524026052238264,True,256.5223824988192,469971.5589192411,1480.4104105956092,-7.528376309499947,-78.08753910899995
Ferreteria Aron,LIMA,comercio,Pisco,5.79940530506873,False,95.32086945038328,465521.3747578416,1466.3923304872008,-10.749601,-77.75984
Vivero Pulache,PIURA,comercio,Chiclayo,3.675244993160447,True,118.98860048532606,465208.9934536443,1465.4083293789793,-4.91856,-80.647933
AGROVETERINARIA RABANAL CRUCETA S.A.C.,PIURA,canal,Chiclayo,3.804758317032244,True,117.57137844819356,459668.08924344607,1447.9544811168548,-4.862888371249952,-80.2997042673333
AGROVETERINARIA Y PETSHOP JJTORRES EMPRESA INDIVIDUAL DE RESPONSABILIDAD LIMITADA,TACNA,canal,Juliaca,8.501144108199792,False,138.93365628684757,457565.29286187846,1441.3306725149168,-18.016258393999976,-70.39369989799997
AGROVETERINARIA RABANAL CURA MORI SOCIEDAD ANONIMA CERRADA,PIURA,canal,Chiclayo,2.889506193810368,True,116.01449696696666,453581.1593707184,1428.7806520177628,-5.358341772199947,-80.61800724539998
San Pedro,AREQUIPA,comercio,Juliaca,4.437874042686684,True,85.82392567151962,444911.809347836,1401.4721994456831,-16.354592,-71.567578
Comercial Ferretera Acari,AREQUIPA,comercio,Pisco,5.331960083663811,False,83.60992136257767,433434.3960823863,1365.3183476595163,-15.432144,-74.616191
AGRO VETERINARIA L & T S.A.C.,LIMA,canal,Pisco,1.275600231480426,True,88.4210761822288,431824.64846635424,1360.2476426690157,-13.04053626039995,-76.28175284279996
AGROSERVICIOS A & S - PIURA E.I.R.L.,PIURA,canal,Chiclayo,3.08078512431454,True,110.1744386211021,430748.3194708554,1356.8572063331942,-5.106215714749951,-80.52711383199997
DONCA AGROSERVICIOS S.R.L.,AREQUIPA,canal,Juliaca,8.185695700890799,False,82.87442051876234,429621.55474894296,1353.30789745917,-16.596673738999982,-72.73662099899997
AGROCOMERCIAL ELIZABETH E.I.R.L.,SAN MARTIN,canal,Bellavista,3.937096061706977,True,97.33867219169213,429309.9763817661,1352.326425602563,-6.089176110333294,-77.10087507333328
JC AGRO COMERCIALIZADORA E.I.R.L.,LA LIBERTAD,canal,Chiclayo,1.1251901204746066,True,110.93646170710493,425479.938515087,1340.2618063225236,-7.242392412999948,-79.38432594683331
El Constructor,APURIMAC,comercio,Sicuani,9.65591072803736,False,75.85059892021911,423441.9131118531,1333.8420263023372,-13.652007,-73.366075
Ferretería Marrufo,CAJAMARCA,comercio,Huamachuco,5.542075257930722,True,230.6119434386863,422501.35644118366,1330.8792727897282,-6.678761,-78.518578
Ferretería Balvín,HUANUCO,comercio,Tarma,7.459887103004866,False,141.19307887027952,420207.3091803539,1323.6530239181145,-9.830153,-76.802085
AGRO VETERINARIA CHALLCO S.A.C.,LIMA,canal,Pisco,1.3603158680328946,True,84.10621138831097,410752.0145054944,1293.868845692307,-13.031336240285668,-76.36795918114282
SEMILLEROS AGRO-BIOORGANIC S.R.L.,HUANCAVELICA,canal,Tarma,2.8290772866878275,True,112.81326748949492,410188.4853696721,1292.093728914467,-12.260903772999956,-75.02855420790905
San Martín 33 Veterinaria,LIMA,comercio,Pisco,3.341094771641284,True,82.88593674369943,404792.5228074314,1275.0964468434086,-11.873194,-77.015127
AGROCOMERCIALIZADORA G Y G E.I.R.L.,UCAYALI,canal,,,False,81.7622616011052,401774.1756654881,1265.5886533462874,-8.195059035299959,-74.33146417789996
AGRO SERVICIOS SANTA CRUZ S.A.C.,ICA,canal,Pisco,0.8145945696506529,True,53.62993902857933,394520.4672832562,1242.7394719422566,-14.046829224999954,-76.15788354399996
AGRO SERVICIOS EL COLORADO E.I.R.L.,ICA,canal,Pisco,0.7618700061726205,True,53.60277906875966,394320.66918104806,1242.110107920301,-13.35615363739996,-76.16476500799997
Ferro selva,SAN MARTIN,comercio,Bellavista,1.643692585136887,True,84.69153301638102,388869.6403978111,1224.9393672531046,-6.511313,-76.359967
Santa Rosita de Lima,CUSCO,comercio,Sicuani,2.739454037330924,True,183.42095622179968,388212.6810175493,1222.86994520528,-13.393994,-72.051008
AGROSERVICIOS MULTIPLES FER E.I.R.L.,AYACUCHO,canal,Tarma,9.79986963371491,False,131.36087588247136,387822.1340793528,1221.6397223499612,-12.658211687799952,-73.84552278919996
AGRO VETERINARIA CESAR´S E.I.R.L.,JUNIN,canal,Tarma,0.0670175773165809,True,132.2520744165008,386682.2604233846,1218.0491203336612,-11.434149619499957,-75.72652522199995
AGROCOMERCIALIZADORA HERMANOS FLORES S.R.L.,CAJAMARCA,canal,Huamachuco,2.094029159918125,True,210.92141806020197,386426.5827005032,1217.243735506585,-7.329314666249957,-78.16302718849995
AGROVETERINARIA EL SEMBRADOR E.I.R.L.,AMAZONAS,canal,Chiclayo,5.821256175540843,True,109.48142074310886,382971.8132789544,1206.361211828706,-5.947708212999956,-78.00949791449996
Distribuidor Ferretero,UCAYALI,comercio,Tarma,10.220548465980013,False,77.64262514546081,381530.5631651015,1201.8212739700696,-8.395032,-74.592923
AGROVETERINARIA RABANAL PIURA EMPRESA INDIVIDUAL DE RESPONSABILIDAD LIMITADA,PIURA,canal,Chiclayo,3.00883433913856,True,97.16287523152768,379877.0907730385,1196.612835935071,-5.115279066666612,-80.65308190899997
Aceros Arequipa,ICA,comercio,Pisco,0.965020306000256,True,51.27627762440935,377206.1161238251,1188.199265790049,-14.056342,-75.732733
Asociación de Productores Agropecuarios Grano de Oro,UCAYALI,comercio,,,False,76.69513704931221,376874.6712985068,1187.155214590296,-10.724928,-73.754738
Solar,PUNO,comercio,Juliaca,0.7978992085333175,True,221.602121545294,372049.56639979855,1171.956134159365,-15.833786,-70.026517
AGRO SERVICIOS SAN JOSE DE CHUNGAYO S.A.C.S,PIURA,canal,Chiclayo,5.7736052007152106,False,92.27879953606252,360781.8503132688,1136.4628284867963,-5.046922255666611,-79.89296959466662
Elder,LA LIBERTAD,comercio,Huamachuco,2.163386212921147,True,93.00528974835277,356707.65368544846,1123.6291091091623,-8.010925,-78.769069
AGROVETERINARIA TOROMATA E.I.R.L.,AREQUIPA,canal,Juliaca,8.185695700890799,False,68.55201327098729,355374.09900783666,1119.4284118746853,-16.542326122285676,-72.77969734657138
Las Arenas - Agrícola SAC,PIURA,comercio,Chiclayo,,False,89.4912061730821,349883.21382825443,1102.1321235590012,-4.736045,-80.278921
AGROVETERINARIA RABANAL PUENTE MOCHO S.A.C.,PIURA,canal,Chiclayo,2.889506193810368,True,89.33056962826029,349255.1741250928,1100.153798494042,-5.31903060771424,-80.74447408728568
CORPORACIÓN AGROINDUSTRIAL SEMILLERISTA HERMANOS DIAL S.A.C.,JUNIN,canal,Tarma,1.715449670031545,True,119.1385106063396,348340.46110801026,1097.272452490232,-12.047916537999956,-75.25368202499996
INVERSIONES AGROVETERINARIAS SOMY E.I.R.L.,PASCO,canal,Tarma,3.4079905408490627,True,133.25411269723332,343960.2211098921,1083.4746964961598,-10.680075969999953,-75.22024060939995
FERRETERIA AGROCOMERCIAL QUINTANA E.I.R.L.,SAN MARTIN,canal,Bellavista,3.774667494082822,True,74.43403609152865,341771.3178325852,1076.5796511726433,-6.078775626333292,-77.19874826499996
Ferretería Ferrelider,LIMA,comercio,Pisco,5.087355273652894,False,69.60467319579216,339930.4196710217,1070.7808219637184,-11.107612,-77.586357
Miriam,CUSCO,comercio,Sicuani,2.739454037330924,True,158.29400297557387,335031.179369917,1055.3482150152383,-13.335856,-72.156346
Sandy SAC,LIMA,comercio,Pisco,4.57272988343412,False,68.50321380496797,334551.1895736366,1053.836247156955,-11.496757,-77.211084
Vivero Municipal,ANCASH,comercio,Huamachuco,8.86647630287745,False,210.62270817963287,330760.1943041761,1041.8946120581545,-9.330107,-77.602385
Aceros Industriales Mersur s.r.l.,AREQUIPA,comercio,Juliaca,4.946747892247475,True,62.813177351721606,325623.9349083384,1025.7153949612657,-16.480265,-71.499695
Promart,PIURA,comercio,Chiclayo,3.5016477423964028,True,81.64778184700363,319217.826378683,1005.5361530928512,-4.918377,-80.696246
Inversiones Emmanuel,LA LIBERTAD,comercio,Huamachuco,3.834136827785757,True,83.00008116508631,318334.1967774912,1002.7527198490968,-8.513363,-78.685846
Heleo Constructor,MOQUEGUA,comercio,Juliaca,5.849705041325501,False,90.20336570656526,309111.3127240182,973.7006350806572,-17.187318,-70.938503
Agropec Mendoza,LA LIBERTAD,comercio,Huamachuco,3.645772398887248,True,80.12579477113536,307310.30815373245,968.0274706842572,-8.423457,-78.782585
AGRO COMERCIALIZADORA EL EDEN E.I.R.L.,LIMA,canal,Pisco,5.79940530506873,False,62.05666626161285,303067.99295438465,954.6641778063114,-10.727300391166628,-77.7047406123333
AGROSERVICIOS EL LABRADOR DE UTCUBAMBA E.I.R.L.,AMAZONAS,canal,Chiclayo,5.848100778318882,True,86.27279887486813,301786.8237139994,950.628494699098,-5.824286803999953,-78.4380648273529
MAX,LIMA,comercio,Pisco,1.85712694239569,True,61.59955503791827,300835.5852298381,947.6320934739898,-12.728435,-76.619775
AGROVETERINARIA RABANAL E.I.R.L.,PIURA,canal,Chiclayo,3.324109402461114,True,75.07035140413748,293502.0873637134,924.531575195697,-5.4612974154999465,-80.7106523278333
Global Vet,ICA,comercio,Pisco,0.3324523879337658,True,39.83324672387898,293027.2044974627,923.0356941670076,-13.458638,-76.161875
SEMILLEROS DE LA NUEVA GENERACIÓN,HUANUCO,canal,Tarma,7.838051796378475,False,97.45094627129605,290025.5468425815,913.5804725541316,-9.806415267749957,-75.83113975174996
Clinica Veterinaria,ICA,comercio,Pisco,0.7618700061726205,True,39.32870100638355,289315.59087571333,911.3441112584968,-13.400792,-76.128556
ASOCIACION DE PRODUCTORES AGROPECUARIOS SEMILLEROS DE QUICLLO,HUANCAVELICA,canal,Pisco,5.777975151822659,True,73.67393517286386,286453.7726884152,902.3293839685076,-13.059081116285666,-74.74265441228567
La Casa del Carpintero,LIMA,comercio,Pisco,4.119516323120637,False,56.82968958007481,277540.85094815976,874.253680486703,-11.558411,-77.266504
AGROSERVICIOS EL KUTUTO E.I.R.L.,AMAZONAS,canal,Chiclayo,7.201773900754826,False,78.93941225761122,276134.24859007564,869.8228830587381,-6.121515471499976,-77.95513605349996
Ferretería Adriana,ANCASH,comercio,Huamachuco,6.210079042004497,False,175.08201326058168,274947.3749803214,866.0842311880122,-9.132706,-78.170105
Maderera Luisa de la Torre,ICA,comercio,Pisco,0.0585481433853602,True,37.341059655227234,274693.8104140232,865.2855028041728,-13.71733,-76.208163
Maderera Burgos,HUANUCO,comercio,Tarma,5.015590688861649,True,92.1305436766938,274191.39919227065,863.7029074556525,-9.940405,-76.249246
Agrovet Sura Andina,CUSCO,comercio,Sicuani,3.2080566631666327,True,128.76831433123303,272539.70084088587,858.5000576487904,-13.422212,-71.848957
Ferreteria Señor de Huanca,AYACUCHO,comercio,Pisco,8.240588829068038,False,87.63093263341402,272196.9382487681,857.4203554836193,-15.018295,-73.784138
Sodimac,PIURA,comercio,Chiclayo,3.00883433913856,True,68.85386853686086,269197.5428467433,847.9722599672413,-5.178004,-80.664832
Grupo el Álamo,LIMA,comercio,Pisco,1.3603158680328946,True,55.010792768758606,268657.85031011666,846.2722284768673,-13.024107,-76.476398
Tornillo,CUSCO,comercio,Sicuani,3.2080566631666327,True,125.21347546212088,265015.8412100668,834.7998998117104,-13.422189,-71.85028
Juan Pablo,LIMA,comercio,Pisco,2.3999133387703973,True,54.042717603810935,263930.0327371775,831.379603122109,-12.51587,-76.734307
Ferretería Los Angeles,JUNIN,comercio,Tarma,1.7694882419143738,True,89.99398602222723,263126.89682275034,828.8497249916634,-11.866464,-75.372799
Veterinaria Yanapaqui,LAMBAYEQUE,comercio,Chiclayo,0.2255086737093366,True,58.56924175638895,260757.8221821153,821.387139873663,-6.778452,-79.883284
AGRO SERVICIOS FAST S.A.C. - AGROSER FAST S.A.C.,LIMA,canal,Pisco,3.983790316933098,True,52.3638392540571,255730.8444383821,805.5521599809034,-11.550896172799956,-77.13207127999995
Ferreteria Aguilar,AYACUCHO,comercio,Tarma,6.631550095397668,False,80.1205935085131,254406.15301973888,801.3793820121773,-12.933806,-74.251733
Comercial y Ferretería Hervas,PUNO,comercio,Juliaca,0.7978992085333175,True,151.51544728176805,254380.49090397105,801.2985463475086,-15.844867,-70.022983
GRUPO EL SEMILLERO SOCIEDAD ANONIMA CERRADA,HUANUCO,canal,Tarma,6.003689830807589,False,84.84066113213902,252495.84617509655,795.3619154515541,-9.955593204999955,-76.19337483099994
FERRETERIA Y AGROVETERINARIA PIO PIO SOCIEDAD ANONIMA CERRADA,CAJAMARCA,canal,Chiclayo,6.762531516369946,False,137.34882315619393,251635.1201234331,792.6506283888141,-5.146278133166628,-79.0100132408333
AGROVETERINARIA SAN JUAN S.R.L.,AREQUIPA,canal,Juliaca,5.395672030251448,False,47.95565717038362,248602.45011164987,783.0977178516969,-16.572356766142807,-71.83152664071424
"Ferretería, vidriería, llaves",ANCASH,comercio,Huamachuco,11.424310829566434,False,156.0830289558487,245111.52397200573,772.101300511818,-8.817512,-77.460849
Vivero Catalina,LIMA,comercio,Pisco,4.57272988343412,False,49.89289501330859,243663.42031042697,767.5397739778448,-11.500246,-77.111851
EMPRESA COMERCIALIZADORA AGROPECUARIA SAN DANIEL S.A.C.,AYACUCHO,canal,Tarma,6.631550095397668,False,77.83603806495572,241772.28987537825,761.5827131074414,-13.003811071666632,-74.16596334999997
Agro Veterinaria Nuñez,HUANUCO,comercio,Bellavista,9.322022885521426,False,80.74541939905042,240307.92221399883,756.9699549740961,-8.605994,-77.148183
"Ferretería ""Silvanita""",LIMA,comercio,Pisco,3.5866136488818987,True,49.081067674756085,239698.67491009596,755.050825966802,-12.06999,-76.756382
Ferreteria Rosita,ICA,comercio,Pisco,1.304193835475294,True,32.35763748359559,238034.0252374235,749.8071794978839,-14.048829,-75.701347
AGROSERVICIOS BRISVILLA S.A.C.,AMAZONAS,canal,Chiclayo,5.06929364361305,True,68.03716154627128,237997.5976825157,749.6924326999244,-5.578554456999953,-78.46335600599996
Jhosept,PIURA,comercio,Chiclayo,3.686483937473158,True,60.47846889238038,236452.29479366375,744.8247286000408,-5.318218,-79.781239
AGROVETERINARIA TOLENTINO B EMPRESA INDIVIDUAL DE RESPONSABILIDAD LIMITADA,PASCO,canal,Tarma,3.809286504190322,True,85.29341111435534,220162.36461510512,693.5114485375809,-10.515568014454496,-76.54042481945451
Ferreteria Vilca,TACNA,comercio,Juliaca,9.05544853456093,False,66.11505191876866,217743.8779220665,685.8932154545091,-17.985112,-70.195349
Dr. Valdivia,CAJAMARCA,comercio,Huamachuco,2.974150965951349,True,116.81061120251464,214007.310045968,674.1230266447989,-7.150507,-78.512569
EL CHAKRERO AGROSERVICIOS E.I.R.L.,AREQUIPA,canal,Juliaca,6.766896745349363,False,40.89785275855135,212014.74445355893,667.8464450287105,-16.993306169428518,-71.65869372914281
AGROVETERINARIA CENTRAL NITSUGA SOCIEDAD COMERCIAL DE RESPONSABILIDAD LIMITADA CENTRAL NITSUGA S.R.L,PASCO,canal,Tarma,2.353398261613884,True,81.3579251724057,210003.94933344328,661.5124404003461,-10.70116907199997,-76.24658910799997
AGROSERVICIOS EL CAFETAL E.I.R.L.,AMAZONAS,canal,Chiclayo,7.286382559174177,False,79.43807584356547,209123.28011269556,658.7383323549908,-6.071434659249952,-78.40581470337496
AGROVETERINARIA LA YUNTA LA LIBERTAD S.A.C.,LA LIBERTAD,canal,Huamachuco,2.7980871806913417,True,53.69150497773087,205925.6071914572,648.6656626530901,-8.294307350666632,-78.22744831966662
AGROSERVICIOS ESDIE S.A.C.,JUNIN,canal,Satipo,3.19271632221744,True,69.54027359014164,203323.76865115963,640.4698712511529,-11.382030964818137,-73.9135935042727
Ferretería HEC Inversiones,ANCASH,comercio,Huamachuco,8.706710368467366,False,129.34122374851495,203116.40975631328,639.8166907323866,-9.14131,-77.741577
AGROVETERINARIA EL AMIGO E.I.R.L.,LIMA,canal,Pisco,5.184149259719543,False,41.33343637963629,201861.33674462308,635.8632107455626,-11.208967265749948,-77.48537203674996
AGROVETERINARIA EL GANADERO SRL,AMAZONAS,canal,Chiclayo,7.975895565859675,False,57.69960139110643,201836.2642742357,635.7842324638423,-6.248160420999952,-77.86916627199997
Chacón,CUSCO,comercio,Sicuani,2.85466213676564,True,95.06173694912984,201199.3205322776,633.7778596766743,-13.478066,-72.067901
AGRO SERVICIOS SALINAS S.A.C.,AMAZONAS,canal,Chiclayo,7.777848309326367,False,56.65813899487543,198193.17360515945,624.3084968562521,-6.153859742499947,-78.02113188299998
ANTONIA SAC,AYACUCHO,comercio,Pisco,6.257969869011292,False,63.69071749772721,197834.46069519685,623.17855118987,-13.16749,-74.21271
AGRO SERVICIOS MULTIPLES EL CAMPITO E.I.R.L.,APURIMAC,canal,Sicuani,6.925891170359155,False,35.3232676163498,197194.90985907064,621.1639660560724,-13.631881480777736,-72.87862450422217
Cerámicas San Lorenzo,LORETO,comercio,Bellavista,3.563566040244249,True,56.39625099901576,196465.3221332497,618.8657647197364,-5.89397,-76.10533
NEGOCIOS Y AGROSERVICIOS JOLSA E.I.R.L.,LAMBAYEQUE,canal,Chiclayo,0.2764130371427082,True,44.1053418403036,196362.6733074574,618.5424209184906,-6.628122667499937,-79.82482128774997
AGROCOMERCIALIZADORA SANTA GREGORIA E.I.R.L.,AREQUIPA,canal,Pisco,5.774780375609556,False,36.97767541155893,191692.5186550065,603.8314337632704,-15.403413153499956,-74.55147701274997
Promart,MOQUEGUA,comercio,Juliaca,5.849705041325501,False,55.370549211585015,189745.28299443665,597.6976414324753,-17.187273,-70.936541
AGROSERVICIOS E INVERSIONES EL CAMPESINO E.I.R.L.,AMAZONAS,canal,Chiclayo,7.590427154138834,False,54.07959323961333,189173.28386667487,595.8958441800257,-6.512076057799959,-77.80062446479995
Distribuidora Atencio,LIMA,comercio,Pisco,3.918599529822023,True,38.68622181774015,188933.05598891375,595.1391263650783,-11.920839,-76.673081
Perno centro Condorito,AREQUIPA,comercio,Juliaca,4.437874042686684,True,35.88765810169433,186041.8615712412,586.0318639494096,-16.394429,-71.583407
Ferreteria Rosita II,ICA,comercio,Pisco,1.304193835475294,True,25.14475874562696,184973.5828482496,582.6667859719862,-14.035076,-75.706912
AGROVETERINARIA DELFIN E.I.R.L.,PIURA,canal,Chiclayo,6.664785587033182,False,47.192368129748594,184507.7090308465,581.1992834471663,-5.212106383749941,-79.48555639099996
Agroceterinaria Huaytará,HUANCAVELICA,comercio,Pisco,2.546770954093949,True,36.10879321262828,183716.88268021928,578.7081804426906,-13.604131,-75.349613
COMERCIAL AGROVETERINARIA S.A.,HUANUCO,canal,Tarma,6.991299139352767,False,61.4862675805391,182990.40759143137,576.4197839130087,-9.232244244333287,-76.06163512399996
Sodimac,CUSCO,comercio,Sicuani,2.806293669204864,True,86.13390956831957,182303.46547537157,574.2559162474203,-13.542677,-71.899403
AGROSERVICIOS & MAQUINARIA AGRICOLA MARY SOCIEDAD ANONIMA CERRADA,SAN MARTIN,canal,Bellavista,0.695199869829053,True,39.37547392254123,180796.4248538325,569.5087382895722,-6.961423462333282,-76.47189771599996
Ferreteria La Economica,PUNO,comercio,Juliaca,1.276819388563737,True,107.619729833271,180683.6213539953,569.1534072650851,-14.914067,-69.860803
AGROSERVICIOS LLOJA E.I.R.L.,SAN MARTIN,canal,Bellavista,4.403200475203042,True,39.304187347649794,180469.1054187496,568.4776820690611,-5.939820714666628,-77.23230206399997
Agroveterinaria Horizonte,LA LIBERTAD,comercio,Huamachuco,3.645772398887248,True,46.23727375541123,177336.03624837493,558.608514182381,-8.423301,-78.782851
Ausangate,CUSCO,comercio,Sicuani,3.2080566631666327,True,83.20234604318216,176098.7756781454,554.7111433861579,-13.364406,-71.920851
Muebles & Acabados Benaute,ICA,comercio,Pisco,0.7618700061726205,True,23.667155449790773,174103.8195538718,548.4270315946961,-13.414252,-76.148273
AGRO COMERCIALIZADORA AP E.I.R.L.,SAN MARTIN,canal,Bellavista,1.643692585136887,True,37.68446223923313,173031.97566067247,545.0507233311182,-6.499138567499969,-76.41090773149996
Ferretería Cristian,ANCASH,comercio,Huamachuco,5.889633276652207,False,109.1311009838524,171378.5967240647,539.8425796808037,-9.441511,-78.209755
San Luis,LIMA,comercio,Pisco,4.119516323120637,False,34.95712923895255,170721.1752760539,537.7717021195697,-11.488653,-77.304542
Petter,AREQUIPA,comercio,Juliaca,6.4500747282212645,False,32.037356494322644,166081.87207801896,523.1578970457597,-17.027206,-72.016763
AGROSERVICIOS GENERALES ZYM E.I.R.L.,UCAYALI,canal,Tarma,10.703827538022503,False,33.75373050486421,165863.52901279755,522.4701163903122,-8.286410027749952,-74.63821764849997
Ferretería Eleodoro Quiroga Ramos,PIURA,comercio,Chiclayo,3.00883433913856,True,42.39387195516402,165747.05829317402,522.1032336234981,-5.212731,-80.622587
AGROSERVICIOS TINCO E.I.R.L.,LIMA,canal,Pisco,1.3603158680328946,True,33.76258876427952,164887.36231169433,519.395191281837,-13.048479710333282,-76.42218339299997
Vivero de Pucyura,CUSCO,comercio,Sicuani,2.85466213676564,True,77.3318049501062,163673.70417208024,515.5721681420526,-13.475444,-72.113055
AGRO SERVICIOS MIGUEL ANGEL E.I.R.L.,LAMBAYEQUE,canal,Chiclayo,0.2255086737093366,True,36.638985073662745,163121.4895099637,513.8326919563855,-6.794128027666621,-79.90091932733328
AGROSERVICIOS SAN ANTONIO H & H E.I.R.L,APURIMAC,canal,Sicuani,8.461193752423998,False,29.19699663095817,162994.52194882618,513.4327441388024,-13.65811727023072,-73.03205707253844
Guadalupe,LIMA,comercio,Pisco,1.3603158680328946,True,33.07697568631889,161539.01326237808,508.8478917764908,-13.053684,-76.429216
BioFarmer,ANCASH,comercio,Huamachuco,7.879722620612915,False,102.78589559438268,161414.1375939933,508.4545334210788,-9.279409,-77.649223
INVERSIONES Y AGROSERVICIOS KAORI S.A.C.- INAGROK S.A.C.,ANCASH,canal,Huamachuco,5.150906301534969,False,102.36712150984172,160756.49816484787,506.3829692192707,-9.100063667999962,-78.43591670099994
Ferretería La Económica,AYACUCHO,comercio,Pisco,6.257969869011292,False,51.435987990443614,159769.13660577234,503.2727803081828,-13.171535,-74.209061
Ferretería Maderera El Oriente,LIMA,comercio,Pisco,1.852707619059084,True,32.670247706937474,159552.66369165084,502.5908906287,-12.657407,-76.636514
AGROVETERINARIA BELEN S.R.L.,CUSCO,canal,Sicuani,3.2080566631666327,True,75.19449680316038,159150.06552697826,501.32270640998144,-13.488168709833294,-71.97455360566663
SEMILLERA DE AGRICULTOR S.A.C.,AREQUIPA,canal,Juliaca,3.392338829824227,True,30.635362247160707,158813.92444780393,500.2638620105823,-16.13866168249993,-71.61948592699994
San Juan,LIMA,comercio,Pisco,3.983790316933098,True,32.51828466102428,158810.5172293515,500.2531292724572,-11.594117,-77.258095
Vivero Costa Verde,LIMA,comercio,Pisco,4.57272988343412,False,31.63282708533493,154486.18164259722,486.6314721741811,-11.479721,-77.207039
Vivero Galan de Noche,LIMA,comercio,Pisco,1.3546836111220275,True,31.1748849201656,152249.71582437286,479.5866048467744,-13.213412,-76.223742
Negociaciones y ferretería Abihail,ANCASH,comercio,Tarma,9.422297641871316,False,96.34205558070688,151294.78344927944,476.57856786523007,-9.583562,-77.176671
Sodimac,PIURA,comercio,Chiclayo,3.5016477423964028,True,38.1836989609694,149286.5710456033,470.2526987936503,-4.906156,-80.704861
AGRO VETERINARIA BUSTAMANTE E.I.R.L.,SAN MARTIN,canal,Bellavista,3.774667494082822,True,32.42764286072235,148894.76396369754,469.0185064856471,-5.989784628999947,-77.16786541466662
AGROSERVICIOS GENERALES REGALADO SAC,CAJAMARCA,canal,Huamachuco,5.542075257930722,True,80.3216567603111,147156.33729463496,463.5424624781,-6.683780526687457,-78.50303553493745
Ferreteria Miguelito,LIMA,comercio,Pisco,1.852707619059084,True,30.076735459957327,146886.6505339137,462.69294918182806,-12.652738,-76.633856
AGROSERVICIOS PERU E.I.R.L,LAMBAYEQUE,canal,Chiclayo,0.2764130371427082,True,32.94064656119927,146656.009212073,461.9664290180299,-6.736609266499954,-79.84224487999995
Electroferreteria,JUNIN,comercio,Tarma,1.715449670031545,True,49.8451924697547,145738.74761875655,459.0770549990831,-12.02918,-75.231611
Ferreteria Chilca,ANCASH,comercio,Huamachuco,7.879722620612915,False,91.4544981651465,143619.40288649217,452.4011190924503,-9.280548,-77.64676
C & C INSUMOS AGRICOLAS SOCIEDAD ANONIMA CERRADA,ICA,canal,Pisco,2.3914228485005604,True,21.43319525274172,142940.4293860352,450.2623525660108,-14.51565580749996,-75.16390665549996
INDUSTRIA & COMERCIALIZADORA AGROREGION SOCIEDAD COMERCIAL DE RESPONSABILIDAD LIMITADA,PUNO,canal,Juliaca,1.6572979721716612,True,83.67916174512993,140489.61096074554,442.5422745263484,-15.889851051249964,-70.01578390899996
AGROSERVICIOS MÚLTIPLES JUANITA E.I.R.L.- AGRO JUANITA E.I.R.L.,CAJAMARCA,canal,Chiclayo,3.7304901256479086,True,76.19837877185451,139602.1294893911,439.7467078915819,-7.084706101749958,-78.78336513824996
CONSTRUCCIONES ANDY ANTHONY S.A.C.,AYACUCHO,comercio,Pisco,6.257969869011292,False,44.50454469439819,138238.86657291523,435.4524297046829,-13.156735,-74.235188
Agromen Group,LA LIBERTAD,comercio,Huamachuco,3.834136827785757,True,35.49485857119209,136135.1354647116,428.8256767138415,-8.538654,-78.677713
ASOCIACION DEPORTIVA SEMILLERO DEL NORTE,PIURA,canal,,,False,34.74036086168795,135824.1734314314,427.8461463090088,-5.617652616499967,-80.76249016074998
Virgen de Lourdes Materiales de Construcción,CUSCO,comercio,Sicuani,2.739454037330924,True,63.635092000427406,134684.44490285704,424.25600144399954,-13.312494,-72.110585
F&A,ANCASH,comercio,Huamachuco,7.142206109637501,False,85.32978872828238,134001.20881377114,422.103807763379,-9.062461,-77.790399
El Nazareno,AREQUIPA,comercio,Juliaca,4.437874042686684,True,25.46067388175024,131988.30507124856,415.7631609744329,-16.437173,-71.561833
San Lorenzo,LIMA,comercio,Pisco,2.713858820494706,True,26.44275509895099,129139.2721974285,406.7887074218996,-12.294719,-76.852894
Santa Rosa,SAN MARTIN,comercio,Bellavista,1.643692585136887,True,28.07334744601232,128901.58127120076,406.0399810042823,-6.477878,-76.386476
Mirasur garden,LIMA,comercio,Pisco,1.852707619059084,True,26.164268048330115,127779.21667753244,402.5045325342271,-12.697871,-76.643027
AGROVETERINARIA AQUATERRA S.A.C.,LIMA,canal,Pisco,2.713858820494706,True,26.06880677042108,127313.00958579492,401.035980195254,-12.185408900399954,-76.84220434319997
Tecni Services S.A.C.,LIMA,comercio,Pisco,4.57272988343412,False,25.8982552872134,126480.0822175531,398.41225898529217,-11.493161,-77.201388
AGROSERVICIOS E INGENIERIA S.A.C.,CAJAMARCA,canal,Chiclayo,6.581973564422457,False,68.17692122943656,124906.1140021966,393.45425910691927,-5.3838870471666285,-78.9604262428333
SEMILLEROS DEL REINO ETERNO - YAUYUCAN,CAJAMARCA,canal,Chiclayo,4.144195748928672,True,68.02062970191358,124619.77418217652,392.552288673856,-6.685582277499947,-78.84843519599997
Rios,APURIMAC,comercio,Sicuani,9.65591072803736,False,22.08688856265753,123301.78641696872,388.40062721345134,-13.657148,-73.383681
Ferretería Renzo,AYACUCHO,comercio,Pisco,6.257969869011292,False,38.3695316318586,122352.10810085991,385.4091405177087,-13.157876,-74.217356
Ferretería V&R,HUANUCO,comercio,Tarma,5.015590688861649,True,40.3773156014941,120167.66881624536,378.5281567711728,-9.94481,-76.244042
Chimpapampa,AYACUCHO,comercio,Pisco,7.712003332926756,False,38.13309865596463,118448.04554931738,373.11134348034966,-13.854843,-73.950722
Pimentel,AREQUIPA,comercio,Juliaca,4.437874042686684,True,22.7911112105132,118149.27418406488,372.1702136798043,-16.44906,-71.533169
AGROVETERINARIA Y MULTISERVICIOS ASHLEY BRIDGET SOCIEDAD ANONIMA CERRADA,LIMA,canal,Tarma,6.757612259805398,False,24.172483207882276,118051.87761219012,371.8634144783988,-10.833984057142809,-76.80337243899997
Ferretería Castillo,ANCASH,comercio,Pisco,8.560197712910293,False,73.60120869463375,115582.7417625682,364.0856365520898,-9.807097,-77.429507
El Palacio de las Mascotas,LIMA,comercio,Pisco,5.79940530506873,False,23.60285473093153,115269.96602010843,363.1003929633415,-10.756689,-77.756417
Ferretería Raymondi,ANCASH,comercio,Huamachuco,7.938338548467628,False,72.55505253063215,113939.86659935188,358.9105797879584,-9.526024,-77.53149
Ferreteria Cornejo,AREQUIPA,comercio,Juliaca,4.437874042686684,True,21.83668962122736,113201.54623003218,356.5848706246013,-16.449203,-71.589844
Vivero Sr. De Torrechayoc,CUSCO,comercio,Sicuani,2.739454037330924,True,52.32860417870727,110754.1261400734,348.8754973412311,-13.299494,-72.117446
'AGRO COMERCIAL LITO CHITO SOCIEDAD COMERCIAL DE RESPONSABILIDAD LIMITADA,HUANUCO,canal,Tarma,6.2249678901932,False,36.94237102554854,109944.8673234906,346.32633206899527,-9.937640738333288,-75.93635067922219
AGRO DISTRIBUCIONES MAYRA E.I.R.L.,LIMA,canal,Pisco,4.185097542792419,False,22.494009248995905,109854.66424914228,346.0421923847981,-11.858273293999956,-76.64900943499998
Ferretería Bartartino,TACNA,comercio,,,False,33.26058053811257,109540.680648727,345.05314404349,-17.964418,-70.187123
Clínica Veterinaria,ICA,comercio,Pisco,0.0585481433853602,True,14.804700184658786,108908.5190219508,343.0618349191449,-13.71134,-76.204797
Ferretería Cecisa,ANCASH,comercio,Huamachuco,7.893990448785088,False,68.91774709211396,108227.8716108445,340.9177955741601,-8.555492,-77.630436
Ingetec,ANCASH,comercio,Huamachuco,7.938338548467628,False,68.60478695412968,107736.40154598872,339.3696648698644,-9.533036,-77.521521
AGROVETERINARIA HUAYTAPALLANA EIRL,JUNIN,canal,Tarma,2.085889930192646,True,36.39796402523326,106421.37044869062,335.2273169133754,-12.01999116233327,-75.13048408966664
Cochachis,LIMA,comercio,Tarma,5.49739912612176,True,21.78477729994667,106390.967014242,335.13154609486224,-11.759401,-76.300688
Ferreteria Huaman,ICA,comercio,Pisco,1.304193835475294,True,14.34363648633191,105516.77424270852,332.3778388645318,-14.032923,-75.709895
DIST. DE INSUMOS AGRICOLAS SRL,ANCASH,canal,Huamachuco,4.681580727542055,False,67.08129170698537,105343.91695435977,331.8333384062332,-8.940753636166628,-78.49245460799996
Vivero Municipal,AREQUIPA,comercio,Juliaca,4.437874042686684,True,20.23677063239798,104907.5554045082,330.45879952420074,-16.44335,-71.592638
Tapia,ANCASH,comercio,Huamachuco,9.178118067194934,False,65.50717494230923,102871.9367417718,324.04660073658107,-8.862986,-77.91839
Ferretería El Yanamino,ANCASH,comercio,Huamachuco,10.835365265995906,False,65.43433431416288,102757.54840953943,323.6862774900492,-9.021034,-77.4714
Ferretería Central,ANCASH,comercio,Huamachuco,5.976487939321386,True,64.9908013121821,102061.0277770616,321.492237497744,-8.470159,-78.037376
AGROVETERINARIA TECNO CAMPO SOCIEDAD COMERCIAL DE RESPONSABILIDAD LIMITADA - AGROVETEC S.R.L.,CUSCO,canal,Sicuani,2.806293669204864,True,48.20975248118575,102036.52650944586,321.4150585047544,-13.540021367749974,-71.92415420449997
Dorita,JUNIN,comercio,Tarma,1.715449670031545,True,33.78515745087552,98781.97457018128,311.163219896071,-12.052297,-75.241737
LOS SEMILLEROS DE JESUCRISTO,HUANUCO,canal,Tarma,6.368012464572714,False,33.01599947079195,98259.52099442312,309.5174911324327,-9.81534126316662,-76.27262126999996
Angel,ANCASH,comercio,Huamachuco,7.142206109637501,False,62.4707612951845,98103.57735359854,309.0262686638353,-9.0372,-77.81486
Maestrito,CUSCO,comercio,Sicuani,6.8103412451111724,False,45.85562205758547,97053.9808830578,305.72003978163207,-12.864816,-72.695699
Negocios Chamba,PIURA,comercio,Chiclayo,,False,24.796195126298905,96945.5303208499,305.3784205106772,-4.66042,-80.241199
Ferreteria En Gral,ICA,comercio,Pisco,0.7618700061726205,True,13.098844416557998,96359.65122647704,303.53290136340263,-13.403012,-76.129503
SEMILLEROS EN JESUS,CUSCO,canal,Sicuani,1.1479982068950825,True,45.32819001900011,95937.66456909108,302.2036433926368,-14.249230275666624,-71.1717760798333
Home Depot Perú Yura,AREQUIPA,comercio,Juliaca,4.946747892247475,True,18.40901682613981,95432.46734926009,300.6122721501692,-16.444464,-71.505161
Venta de maderas,ANCASH,comercio,Pisco,8.560197712910293,False,60.43435815342148,94905.62636021982,298.9527230346923,-9.727036,-77.454921
Comercial Rosa,TACNA,comercio,Juliaca,7.240207993079942,False,28.18908526975668,92838.1747208486,292.440250370673,-17.475199,-70.031238
AGROVETERINARIA EL OLIVO E.I.R.L.,APURIMAC,canal,Sicuani,9.65591072803736,False,16.610638772543897,92730.19277348106,292.1001072364653,-13.724958537222172,-73.39094786188883
Progresol,ICA,comercio,Pisco,0.7618700061726205,True,12.343071103782956,90799.92011514142,286.0197483626954,-13.417586,-76.15795
AGROVETERINARIA CAPLINA E.I.R.L.,TACNA,canal,Juliaca,9.04058028925242,False,27.29843778071637,89904.90865666304,283.20046226848854,-17.833332841999948,-70.27886115699994
Agroveterinaria Andino,CUSCO,comercio,Sicuani,2.85466213676564,True,42.14393401148661,89198.148064618,280.97416640354663,-13.429852,-72.129865
Veterinaria Gavet,LIMA,comercio,Pisco,3.341094771641284,True,18.07596446411987,88278.12708728015,278.07610032493244,-11.85195,-77.068753
Comisesa,UCAYALI,comercio,Tarma,10.21031730281616,False,17.720456262535865,87077.11318005476,274.2929065171724,-8.3848,-74.529928
Veterinaria Razas,MADRE DE DIOS,comercio,Juliaca,10.052955645592036,False,48.90338781333752,86845.34947259011,273.5628508386588,-12.580609,-69.202801
Ferretería Progresol,ANCASH,comercio,Tarma,11.569565959493204,False,55.17945007226878,86653.36128873346,272.9580880595104,-9.365549,-77.092301
AGRO VETERINARIA JCRA SOCIEDAD COMERCIAL DE RESPONSABILIDAD LIMITADA,HUANUCO,canal,Tarma,3.8969716942257207,True,28.80323583118378,85721.8379339172,270.02378949183907,-10.159807937714236,-76.15909165699998
Ferretería Vecor,ANCASH,comercio,,,False,53.84263273326024,84554.03417143825,266.3452076400304,-9.137269,-78.506033
San Luis,AREQUIPA,comercio,Juliaca,4.479349199315209,True,16.1897179131427,83927.60682068965,264.37196148517233,-16.326787,-71.576058
AGROVETERINARIA MIRAFLORES S.A.C.,APURIMAC,canal,Sicuani,5.728065343942493,True,14.854975121585698,82929.06284536245,261.2265479628917,-13.60229907779995,-72.65547453379995
Comercial Punto Azul,CUSCO,comercio,Sicuani,2.806293669204864,True,39.052103579967415,82654.25141400693,260.36089195412177,-13.524285,-71.970879
AGRO VETERINARIA PALOMINO EMPRESA INDIVIDUAL DE RESPONSABILIDAD LIMITADA,UCAYALI,canal,Tarma,10.220548465980013,False,16.560793667830747,81378.61030215184,256.3426224517782,-8.517081145999953,-74.52785771899998
Ferretería Sofemac,LIMA,comercio,Pisco,1.852707619059084,True,16.64474414491934,81288.43370305862,256.05856616463456,-12.660573,-76.632908
Sodimac,LAMBAYEQUE,comercio,Chiclayo,0.2255086737093366,True,18.12815259227904,80708.87463097651,254.232955087576,-6.748317,-79.872119
Mateco,JUNIN,comercio,Tarma,1.715449670031545,True,27.327400527708733,79900.60688402467,251.68691168467765,-12.038813,-75.228727
AGRO SERVICIOS VALLE VERDE EIRL,LAMBAYEQUE,canal,Chiclayo,0.2764130371427082,True,17.78822298903129,79195.46417217636,249.4657121423555,-6.778467846249953,-79.81662766524997
AGROSERVICIOS NEYCOR S.A.C.,CAJAMARCA,canal,Chiclayo,8.822748905993656,False,43.10563474635083,78973.31282598374,248.7659354018487,-5.059054689599952,-79.16165349799996
FERRETEIA,TACNA,comercio,Juliaca,8.708261565385229,False,23.883825313757608,78659.19472952074,247.77646339799023,-18.076362,-70.254741
AGROVETERINARIA MEVELIN S.R.L.,CAJAMARCA,canal,Huamachuco,2.974150965951349,True,40.98588969218775,75089.75351271032,236.53272356503743,-7.1339595449999536,-78.54251182749995
Ferresur,CUSCO,comercio,Sicuani,2.85466213676564,True,35.446865147321944,75023.720494997,236.3247195592405,-13.50759,-71.996146
AGROSERVICIOS EL CAMANEJO S.A.C.,AREQUIPA,canal,Pisco,6.423643867513336,False,14.456542557097366,74942.81408903882,236.06986438047224,-15.76949392199998,-74.18973198199996
M & G AGRO SERVICIOS E.I.R.L.,ANCASH,canal,Huamachuco,5.679473109297311,False,47.6420600247051,74816.70503155404,235.6726208493952,-9.486941018999945,-78.24837464433331
Demetrio's,LIMA,comercio,Pisco,2.5406712627521184,True,15.253325114522518,74493.11906074188,234.6533250413369,-12.223758,-76.903751
Ferretería Señor de la Divina Misericordia,JUNIN,comercio,Tarma,1.715449670031545,True,25.10566335464159,73404.63049999697,231.2245860749904,-11.964199,-75.272262
Davisa,LA LIBERTAD,comercio,Huamachuco,2.795084166722603,True,18.934130080741166,72618.97827479077,228.7497815655909,-8.148697,-79.012046
AGROSERVICIOS ROBLES S.A.C,LIMA,canal,Pisco,5.461290622132166,False,14.863200943337862,72587.85800360604,228.651752711359,-11.11500801133328,-77.47556169466662
Fatima Nicoll,ICA,comercio,Pisco,1.304193835475294,True,9.86689533543165,72584.31072045531,228.64057876943417,-14.070753,-75.72107
AGROSERVICIOS VIQUITO E.I.R.L.,CAJAMARCA,canal,Huamachuco,2.974150965951349,True,39.20467959151289,71826.4199991885,226.2532229974437,-7.103141767399961,-78.44868561199996
Sideperu,AREQUIPA,comercio,Juliaca,4.437874042686684,True,13.797609944149908,71526.90298067481,225.3097443891256,-16.405328,-71.579733
MUNDO AGROVETERINARIA EMMA E.I.R.L,CUSCO,canal,Sicuani,4.009664775659735,True,33.53208103627967,70971.056673865,223.5588285226747,-14.330064460833285,-71.86004558149996
AGROCOMERCIALIZADORA NORTE CHICO S.A.C.,ANCASH,canal,Pisco,9.657625453044794,False,25.44368417048324,70840.14112499327,223.1464445437288,-10.303023871999956,-77.58287924699997
AGROVETERINARIA EL PROGRESO E.I.R.L,CAJAMARCA,canal,Chiclayo,5.776427115056853,True,38.0118154666756,69640.9880424617,219.36911233375432,-7.04117437916662,-78.8979854703333
FERRETERIA Y TRANSPORTE ESCORPION,AREQUIPA,comercio,Juliaca,4.479349199315209,True,12.88475630848318,66794.66357847498,210.40319027219616,-16.316468,-71.536709
Agrovet Tahua,ANCASH,comercio,Tarma,9.754987835925562,False,42.15381842718178,66198.01489660014,208.5237469242904,-9.4538,-77.175929
Ferretería Villa Del Mar,LA LIBERTAD,comercio,Huamachuco,2.795084166722603,True,17.200194213071352,65968.73078165294,207.80150196220671,-8.098537,-79.06208
Ferretería Truval,ANCASH,comercio,Tarma,11.569565959493204,False,41.4238523414079,65051.68207022651,204.91279852121343,-9.348718,-77.172034
SEMILLEROS DEL REINO DE DIOS,HUANUCO,canal,Tarma,5.015590688861649,True,21.16876516873864,63000.74990502156,198.45236220081784,-9.99394709024996,-76.32037694549997
Grupo Cafrapi,UCAYALI,comercio,Tarma,10.21031730281616,False,12.72601191204546,62534.75436401252,196.98447624663945,-8.359374,-74.591193
AGRO SERVICIOS CANCHAN PERÚ S.A.C.,HUANUCO,canal,Tarma,5.015590688861649,True,20.855360769081194,62068.02132852856,195.5142671848649,-9.894156843599944,-76.29361549159997
AGROSERVICIOS SAN JERONIMO E.I.R.L.,AYACUCHO,canal,Pisco,6.257969869011292,False,19.531652478005093,60668.71415932832,191.10644960188412,-13.13708446449995,-74.25491730624996
Industrias Acerinox,ICA,comercio,Pisco,1.304193835475294,True,8.233452272164367,60568.13594432164,190.78962822461312,-14.059827,-75.716841
FerreCusco,CUSCO,comercio,Sicuani,2.832298332479171,True,28.5700540425216,60468.866290565005,190.4769288152797,-13.322883,-71.958899
Ferretería J&L,JUNIN,comercio,Tarma,1.7694882419143738,True,20.450901521873107,59794.90955483468,188.3539650977292,-11.914589,-75.325396
Clínica Veterinaria MaskVet,PIURA,comercio,Chiclayo,3.00883433913856,True,15.272498813299396,59710.79390359902,188.08900079633688,-5.185007,-80.633232
Procampo,ANCASH,comercio,Huamachuco,4.633802710677776,False,38.00072455470092,59676.02993069755,187.97949428169724,-9.069938,-78.588108
Rosa Ventura,CUSCO,comercio,Sicuani,2.739454037330924,True,27.94037259240618,59136.13785553971,186.27883424495005,-13.311538,-72.016502
Ferretería Montañez,AREQUIPA,comercio,Juliaca,4.479349199315209,True,11.35052135671566,58841.1792439534,185.3497146184532,-16.30719,-71.551685
Fertisem,LIMA,comercio,Pisco,1.852707619059084,True,11.807595006527098,57665.10410276393,181.64507792370637,-12.654204,-76.635806
Ica Verde,ICA,comercio,Pisco,0.965020306000256,True,7.56335562494902,55638.67215650228,175.26181729298216,-14.034926,-75.754915
Viveros Arcoiris,AREQUIPA,comercio,Juliaca,4.437874042686684,True,10.558683549476372,54736.28671226904,172.41930314364745,-16.411824,-71.56008
Al Kosto,LA LIBERTAD,comercio,Chiclayo,1.4878224871801011,True,14.206909836328142,54488.44348046434,171.63859696346262,-7.401072,-79.566387
Ferretería Don Bosco,CUSCO,comercio,Sicuani,2.806293669204864,True,25.197568003328524,53330.95863847419,167.9925197111937,-13.527721,-71.946421
Ferreteria Arenas,JUNIN,comercio,Tarma,0.8526222413082463,True,18.01087146091985,52660.68240843089,165.88114958655729,-11.521423,-75.90144
Veterinaria Ilo Pampa,MOQUEGUA,comercio,Juliaca,7.062420044359595,False,15.191333355853452,52058.06855291485,163.98291594168174,-17.64621,-71.324827
AGROCOMERCIALIZADORA EL PLATANAL E.I.R.L,LORETO,canal,Bellavista,3.684948679485853,True,14.878870898850964,51832.916414475934,163.27368670559918,-5.86002590599996,-76.1473921215714
AGROVETERINARIA DON JORGE E.I.R.L.,AREQUIPA,canal,Juliaca,4.437874042686684,True,9.972361544325636,51696.78948429928,162.8448868755427,-16.431492083999956,-71.52347326299997
AGROCOMERCIAL R & Z S.R.L.,AREQUIPA,canal,Juliaca,4.437874042686684,True,9.963759372758052,51652.1957688929,162.7044166720126,-16.421951924333275,-71.57599558166662
Ferreteria Palma,ANCASH,comercio,Huamachuco,5.679473109297311,False,32.776340540465654,51471.69960656973,162.13585376069463,-9.475033,-78.30014
ASOCIACIÓN DE PRODUCTORES AGROPECUARIOS LOS SEMILLEROS DE LA LIBERTAD Y CHOCTAPAMPA,CAJAMARCA,canal,Huamachuco,6.66865770015869,False,27.76299215407543,50864.24262792565,160.22236427796577,-7.0639097699999525,-78.06652356999999
AGROSERVICIOS PARACCAY E.I.R.L.,CUSCO,canal,Sicuani,2.739454037330924,True,23.536726113297,49815.766611584295,156.9196648264905,-13.34053858474995,-72.04679708099995
La Casa del Ganadero,AMAZONAS,comercio,Chiclayo,8.469744925138404,False,14.139535759251968,49460.84561095892,155.80166367452054,-6.300619,-77.972176
Sodimac,LIMA,comercio,Pisco,5.087355273652894,False,10.096735913552696,49309.73049391362,155.32565105582788,-11.107767,-77.614473
Ferretex,PUNO,comercio,Juliaca,1.276819388563737,True,28.7328507870878,48239.81197572223,151.95540772352498,-14.914321,-69.864793
AGROSERVICIOS EL CHORRO E.I.R.L.,CAJAMARCA,canal,Huamachuco,5.876915106859798,True,26.09969919260028,47816.94368102975,150.6233725952437,-6.978337593124955,-78.40012266887496
Maderas Acasia,ANCASH,comercio,Huamachuco,4.633802710677776,False,29.63258369671147,46534.76933218364,146.58452339637844,-9.066261,-78.583658
Ferreteria Bodega,LA LIBERTAD,comercio,Huamachuco,2.795084166722603,True,11.978421302711531,45941.41440026748,144.71545536084253,-8.110679,-79.012889
ZID,LIMA,comercio,Pisco,2.32626128361434,True,9.22879541100771,45070.94356002955,141.97347221409305,-12.332378,-76.825005
Ferretería Mejía,CAJAMARCA,comercio,Huamachuco,2.974150965951349,True,24.52193853987233,44926.3474440039,141.51799444861223,-7.167857,-78.507417
Ferreteria Saavedra,ANCASH,comercio,,,False,28.605192108984383,44921.36190750431,141.50229000863854,-10.070843,-78.149605
Ferretería Nuñez,JUNIN,comercio,Tarma,1.715449670031545,True,15.316346077301402,44782.35482300156,141.0644176924549,-12.014174,-75.244314
Ferreteria Andysu,TUMBES,comercio,Chiclayo,6.97262036061414,False,6.590745809022515,44646.984322370256,140.63800061546627,-3.681431,-80.6778
Clinica Veterinaria,JUNIN,comercio,Tarma,1.7694882419143738,True,15.177628198621251,44376.76766585611,139.78681814744672,-11.920342,-75.316012
AGROSERVICIOS COAXA S.A.C.,CAJAMARCA,canal,Chiclayo,4.408750112942358,True,23.59621671197964,43230.343663194246,136.17558253906185,-5.77777052999996,-78.8564451898333
John Deere,CUSCO,comercio,Sicuani,1.972288544737404,True,20.24819567834601,42855.55201529597,134.9949888481823,-13.58225,-71.810472
Ferretería Perales,ANCASH,comercio,Huamachuco,11.424310829566434,False,26.748863401151645,42006.19834607333,132.31952479013097,-8.818452,-77.461864
Spa Pequeños,AREQUIPA,comercio,Juliaca,4.437874042686684,True,7.873974741458547,40818.73814989116,128.57902517215717,-16.454037,-71.530344
Inversiones y Ferretería Corazón de Jesús,JUNIN,comercio,Tarma,1.715449670031545,True,13.440415663322026,39297.457772615366,123.78699198373836,-11.977165,-75.265507
AGROVETERINARIA PROVETS E.I.R.L.,MADRE DE DIOS,canal,,,False,21.98199037330064,39036.83817078518,122.96604023797327,-12.579872001083288,-69.43257322249995
Mascotitas,CUSCO,comercio,Sicuani,6.8103412451111724,False,18.39723648039788,38937.97439771654,122.65461935280707,-12.861228,-72.695194
El Huerfanito,ANCASH,comercio,Huamachuco,5.679473109297311,False,24.549495171083013,38552.32829848329,121.43983414022232,-9.476467,-78.294822
Ferretería Setiesdo,HUANUCO,comercio,Bellavista,9.322022885521426,False,12.815812717305292,38141.3750588011,120.14533143522344,-8.604658,-77.149815
Ferretería Noemi,JUNIN,comercio,Tarma,1.9855974247691868,True,12.936784906584284,37824.92828456529,119.14852409638064,-12.05079,-75.188409
Acuarios,CUSCO,comercio,Sicuani,2.806293669204864,True,17.768238888009442,37606.693355874086,118.46108407100336,-13.522448,-71.977159
ASOCIACION LOS SEMILLEROS DE HUASAHUASI,JUNIN,canal,Tarma,2.1734165231571896,True,12.768944120990078,37334.19076947415,117.60270092384356,-11.18101463716662,-75.64370585933328
Clinica Veterinaria,LA LIBERTAD,comercio,Huamachuco,2.795084166722603,True,9.704258714660792,37219.20942592972,117.2405096916786,-8.118062,-79.038865
Vivero de plantas,LIMA,comercio,Pisco,2.5406712627521184,True,7.584691742386336,37041.585409247855,116.68099403913072,-12.254198,-76.87763
Multiservicios Alex,CUSCO,comercio,Sicuani,2.739454037330924,True,17.22313587435356,36452.9762086022,114.82687505709691,-13.322787,-72.08221
AGROVETERINARIA GRUPO RIVERA S.A.C.,JUNIN,canal,Tarma,1.715449670031545,True,12.22521790431737,35744.42907052097,112.59495157214104,-12.068360668999958,-75.29055320074997
El Altiplano,PUNO,comercio,Juliaca,0.1430420172056596,True,21.00753712914053,35269.72136152088,111.09962228879075,-15.490689,-70.133265
JBH,CUSCO,comercio,Sicuani,2.806293669204864,True,16.24046665550847,34373.14487493514,108.27540635604568,-13.541438,-71.884296
Ferreteria pelikanos,PIURA,comercio,,,False,5.021451647903301,33919.734370546554,106.84716326722162,-4.106256,-81.047953
Promart,SAN MARTIN,comercio,Bellavista,1.643692585136887,True,7.035911229449956,32306.0897851255,101.7641828231453,-6.482678,-76.377459
Ferremar,ICA,comercio,Pisco,1.304193835475294,True,4.103760145779916,30188.68564196434,95.09435977218766,-14.059752,-75.722083
Meza,JUNIN,comercio,Tarma,1.9855974247691868,True,10.318229315302464,30168.723271913997,95.03147830652904,-12.087598,-75.210696
MIELERL,ANCASH,comercio,Huamachuco,8.86647630287745,False,18.773611439980705,29481.92728764648,92.86807095608638,-9.404936,-77.535681
AGROVETERINARIA MUNDO VERDE E.I.R.L.,CUSCO,canal,Sicuani,6.8103412451111724,False,13.672166972184128,28937.307409808207,91.15251834089582,-12.86909445699994,-72.72381837133328
AGROSERVICIOS RAFAEL E.I.R.L.,ANCASH,canal,Huamachuco,6.210079042004497,False,17.96960400573455,28219.320527569813,88.8908596618449,-9.147950555142796,-78.1391375788571
Ferreteria el Progreso,ICA,comercio,Pisco,0.7618700061726205,True,3.50559654542124,25788.38634273184,81.23341697960528,-13.434822,-76.13454
Maestro,LIMA,comercio,Pisco,3.341094771641284,True,4.93962934524454,24123.815244775546,75.99001802104294,-11.862574,-77.064242
Taller de soldadura,ANCASH,comercio,Huamachuco,7.893990448785088,False,15.204475629658925,23876.985330897955,75.21250379232855,-8.55519,-77.629395
AGROSERVICIOS MULTIPLES FINCA VERDE E.I.R.L.,APURIMAC,canal,Sicuani,8.618179817287414,False,4.158270822847342,23213.8727647451,73.12369920894704,-13.99970358999993,-72.98053639566665
Vida Animal,AREQUIPA,comercio,Juliaca,4.437874042686684,True,4.410553572494316,22864.339457909387,72.02266929241456,-16.380125,-71.544829
Ferretería Caleb,LA LIBERTAD,comercio,Huamachuco,2.795084166722603,True,5.880562382826111,22554.00327878623,71.0451103281766,-8.133753,-79.052643
Ferreteria Huamani,LIMA,comercio,Pisco,3.3757308752389563,True,4.602892162652602,22479.28181703675,70.80973772366575,-11.985749,-76.937813
COMPANIA SEMILLERA MONTOYA FAKHYE EIRL,AREQUIPA,canal,Juliaca,4.437874042686684,True,4.33593729692582,22477.528182263053,70.8042137741286,-16.399486431999946,-71.55475674699994
El Punto,CUSCO,comercio,Sicuani,3.2080566631666327,True,10.618834685323987,22474.89254982864,70.7959115319602,-13.422786,-71.852128
Ferretería Medina,MADRE DE DIOS,comercio,Juliaca,10.052955645592036,False,11.8234748377778,20996.78263981425,66.13986531541488,-12.598573,-69.181318
Depostito de Materiales,LA LIBERTAD,comercio,Huamachuco,2.795084166722603,True,5.416303141854842,20773.40751916083,65.43623368535661,-8.142511,-79.050145
AGROVETERINARIA FATIMA E.I.R.L.,LIMA,canal,Pisco,3.0485938718071464,True,4.115290829523955,20097.968635142654,63.30860120069935,-11.992827813999952,-77.08841318799995
Agro Tocre,CUSCO,comercio,Sicuani,2.739454037330924,True,9.429975993438148,19958.658692831847,62.8697748824203,-13.336646,-72.063629
Aguilar,ANCASH,comercio,Huamachuco,8.706710368467366,False,12.66707463952438,19892.27137589209,62.66065483406007,-9.168761,-77.671544
Grupo AYG Fortaleza SRL,ICA,comercio,Pisco,0.965020306000256,True,2.6915875934028315,19800.253632904973,62.370798943650655,-14.061949,-75.740932
Electrotécnica Industrial Blas,APURIMAC,comercio,Sicuani,9.65591072803736,False,3.268881591741561,18248.787677986176,57.48368118565645,-13.657405,-73.389987
Hercofer,AYACUCHO,comercio,Pisco,6.257969869011292,False,5.835871457217181,18127.23310058884,57.100784266854845,-13.163905,-74.223018
El Chino,ANCASH,comercio,Huamachuco,5.679473109297311,False,11.163733629085826,17531.436834281274,55.22402602798601,-9.472697,-78.308183
Vivero Chaclacayo,LIMA,comercio,Pisco,3.5866136488818987,True,3.555176537518349,17362.521752005596,54.69194351881762,-11.977234,-76.774339
Corporación BIM s.a.c.,LAMBAYEQUE,comercio,Chiclayo,0.2764130371427082,True,3.579183832153064,15934.988285209663,50.19521309841043,-6.760483,-79.842276
Ferretería Señor de los Milagros,ANCASH,comercio,Tarma,7.459887103004866,False,9.5476195970012,14993.504453247984,47.22953902773114,-9.899697,-76.9406
DISTRIBUCIONES AGROVETERINARIAS DEL SUR E.I.R.L.,AREQUIPA,canal,Juliaca,4.437874042686684,True,2.764685162726312,14332.146524426167,45.146261551942416,-16.406658033999975,-71.53845913699996
Santa Dionisia,ANCASH,comercio,Huamachuco,7.142206109637501,False,8.77964375999044,13787.4814215151,43.43056647777256,-9.057748,-77.807215
AGRO SERVICIOS SEÑOR DE YATO S.R.L.,AREQUIPA,canal,Juliaca,3.768070617136576,True,2.628592480427638,13626.641141786742,42.92391959662823,-16.25080225499994,-71.46406065599996
Ferreteria Wilpar,AYACUCHO,comercio,Pisco,6.257969869011292,False,4.151108576327399,12894.066180275688,40.61630846786841,-13.135539,-74.226754
ferreteria tarata,TACNA,comercio,Juliaca,7.240207993079942,False,3.818398958986711,12575.54781632595,39.612975621426735,-17.474908,-70.032278
Los Mejores Precios,LIMA,comercio,Pisco,3.593587810388605,True,2.536239732430755,12386.309669271255,39.016875458204446,-11.970604,-76.752061
Centro Electrónico Chino,APURIMAC,comercio,Sicuani,9.65591072803736,False,1.9455612213067293,10861.247997433416,34.21293119191525,-13.656976,-73.38733
Ferreteria Ramirez,LIMA,comercio,Pisco,3.341094771641284,True,1.9748530912712097,9644.648976600898,30.380644276292823,-11.880616,-77.074285
Todo Barato,MADRE DE DIOS,comercio,Juliaca,10.052955645592036,False,5.2257440481172885,9280.16622990032,29.232523624186,-12.588382,-69.194841
EMPRESA DE SERVICIOS EDUCATIVOS SEMILLERO DE JESUS S.A.C.,PIURA,canal,Chiclayo,5.727001812374136,False,2.1831147551925763,8535.310220597004,26.88622719488056,-4.498848869999961,-81.04352188899998
Electrónica Pérez,AYACUCHO,comercio,Pisco,6.257969869011292,False,2.672193502587359,8300.298398686497,26.14593995586246,-13.162124,-74.229318
El Comedero,LIMA,comercio,Pisco,2.5406712627521184,True,1.634510306895702,7982.506763831132,25.144896306068063,-12.255002,-76.889537
Ferretería Cañon,LIMA,comercio,Pisco,3.012573270609794,True,1.4605918154766069,7133.135837106947,22.46937788688688,-12.099442,-76.88331
Ferretera Yuri,JUNIN,comercio,Tarma,1.3797103109789906,True,2.22400611051187,6502.610365866983,20.483222652480997,-11.557243,-75.947434
Multiservicios Campos,APURIMAC,comercio,Sicuani,9.65591072803736,False,1.1337661586916818,6329.338437562543,19.93741607832201,-13.654443,-73.425191
Ferreteria Arce,AYACUCHO,comercio,Pisco,6.257969869011292,False,2.0183825627364542,6269.447754137876,19.748760425534304,-13.155087,-74.198825
AGRO VETERINARIA AYALA S.R.L.,AYACUCHO,canal,Pisco,6.241979107773316,False,1.971053895766643,6122.436671938506,19.28567551660629,-13.195303347999982,-74.21148063299995
Promart,LIMA,comercio,Pisco,3.3757308752389563,True,1.148498160630453,5608.954741247288,17.668207434928952,-12.01595,-76.887065
AGROSERVICIOS BYM S.A.C.,LIMA,canal,Pisco,2.32626128361434,True,1.1457282864641578,5595.427424121092,17.62559638598144,-12.465836826999976,-76.77562379499994
INSUMOS AGRICOLAS HUARMEY E.I.R.L.,ANCASH,canal,,,False,3.48893551499459,5478.996062808876,17.258837597847958,-10.093330249499957,-77.94669889949995
AGROVETERINARIA NATH & MULTISERVICIOS GENERALES E.I.R.L.,CAJAMARCA,canal,Chiclayo,3.293295772790218,True,2.8623636254732028,5244.101829061891,16.518920761544955,-7.270747798999963,-78.94832930249996
Pernos Lupita,LIMA,comercio,Pisco,3.341094771641284,True,0.9837433089516726,4804.336555389754,15.133660149477722,-11.850799,-77.092361
Dino - Materiales de construcción,PIURA,comercio,Chiclayo,,False,1.159165897543073,4531.983721485195,14.275748722678362,-4.660484,-80.241304
AGROSERVICIOS WARI E.I.R.L.,AYACUCHO,canal,Pisco,6.257969869011292,False,1.276614355493588,3965.3865187471433,12.490967534053498,-13.121824253999932,-74.20850206599994
Veterinaria Argos,LIMA,comercio,Pisco,3.341094771641284,True,0.7903485789193416,3859.848940928424,12.158524163924533,-11.936546,-77.048986
El Ovalo,LIMA,comercio,,,False,0.6698856202368597,3271.5403946823576,10.305352243249423,-11.776304,-77.164322
Ferretería Rivera,ICA,comercio,,,False,0.4172032666691947,3069.092202971163,9.66764043935916,-15.36422,-75.165207
Veterinaraia Clinican,LIMA,comercio,Pisco,3.341094771641284,True,0.3722485709603977,1817.9614548661625,5.726578582828411,-11.913728,-77.025915
Señor de Muruhuay,LIMA,comercio,Pisco,3.593587810388605,True,0.1331258504613384,650.1506887201388,2.0479746694684366,-11.939601,-76.712803
SEMILLERO DEPORTIVO CANTO GRANDE,LIMA,canal,Pisco,3.3757308752389563,True,0.1154436525591402,563.7956111423351,1.7759561750983552,-11.945962191999968,-76.97148873299994
EL SEMILLERO,LIMA,canal,Pisco,3.012573270609794,True,0.0261912751519196,127.91111207529502,0.4029200030371792,-12.126991046999931,-76.98430619899995
Ferricentro Dayana,ANCASH,comercio,Tarma,11.569565959493204,False,0.0789807528646264,124.03073433807504,0.3906968131649362,-9.347571,-77.170549
AGRO DISTRIBUIDOR JNM S.A.C.,LA LIBERTAD,canal,Huamachuco,2.795084166722603,True,0.0250833203706946,96.20326306471584,0.3030402786538548,-8.063402979999978,-79.05543985499997
Promart,LIMA,comercio,Pisco,3.012573270609794,True,0.0116525875241821,56.908089435408826,0.1792604817215377,-12.180137,-76.942524
AGROSERVICIOS WALBERT EMPRESA INDIVIDUAL DE RESPONSABILIDAD LIMITADA - AGROSERVI WALBERT E.I.R.L.,LIMA,canal,Pisco,3.012573270609794,True,0.0094596826355359,46.1985343887342,0.1455253833245127,-12.088085452999962,-76.92572938299998
Ferreteria Chaclacayo,LIMA,comercio,Pisco,3.5866136488818987,True,0.0051026637665337,24.920031313397345,0.0784980986372016,-11.976134,-76.772207
EMPRESA DE AGROSERVICIOS ROSITA TRACTOR E.I.R.L.,LA LIBERTAD,canal,Huamachuco,2.5087786745660683,True,0.005437129736795,20.853284758783133,0.0656878469901668,-8.052688118999981,-78.98527336199999
Ferretería El Progreso,ANCASH,comercio,Huamachuco,4.633802710677776,False,0.002541222434794,3.990715120734962,0.0125707526303151,-9.023878,-78.615678
