k,Ene,Feb,Mar,Abr,May,Jun,Jul,Ago,Set,Oct,Nov,Dic,total,mes_pico,pct_pico,pct_top4
sanmartin,15476490.416133335,20495031.7788,18664069.0668,14221817.793466667,13465632.1388,15797638.8748,15445295.189466666,15942090.784133334,19368617.061466668,16794035.088133335,13691202.840133334,13921756.229466667,193283677.26160002,Feb,10.603601953961675,38.969536415253366
puno,8976282.617777778,1905992.7137777775,1906409.967111111,1905992.7137777775,1905992.7137777775,1990168.5004444444,2593912.0737777776,6446040.804444444,14936953.844444444,28201612.281777777,26636762.697777774,31859250.740444444,129265371.66933334,Dic,24.646392401162043,78.62475329002287
cajamarca,12234873.394808888,11164595.808142222,9765552.981475556,8460679.769475555,7755492.236142223,6927168.938808889,5376464.038808889,5834520.428142223,9379639.574808888,19631801.332142223,13630022.764142223,14563914.44680889,124724725.71370669,Oct,15.740103832503177,48.1545351927776
piura,9290864.672,22763441.226666667,17133911.024,9885865.509333333,5457786.143999999,6472763.056,7716542.549333334,12430085.301333334,12396146.714666666,5363108.021333333,4905260.112,4964606.575999999,118780380.90666668,Feb,19.164310682378897,54.49013024930785
huanuco,7286430.399155555,6305273.612488888,6663470.652488888,7065630.575155555,8544087.849822221,9776391.296488889,9139321.971155556,9667452.455155555,12656773.216488888,14839246.021822222,10188426.927155554,8569224.620488888,110701729.59786665,Oct,13.404710184499402,42.87271538968817
lalibertad,11352424.72128889,11570938.830622222,5613506.721288889,4491205.227955556,5177616.6786222225,5690243.355955555,4236740.622622223,5235752.2652888885,6519690.401288889,13404266.10528889,15044928.329288889,19441443.499955557,107778756.75946668,Dic,18.038288884092115,55.1700340150127
junin,5181786.312777778,4785144.6914444445,4996954.894111112,5200675.816777778,5315535.640777778,5561592.275444445,6471097.811444445,8532012.691444445,11636210.254111111,15395670.040777778,10340551.779444445,7873896.2807777785,91291128.48933333,Oct,16.864366007455637,50.28357686600551
amazonas,7458892.198266667,7366211.7044,6893596.1716,6454045.3396000005,5271567.480933334,4909150.2756,4755121.622266667,6189929.312933333,6907530.712933334,8606342.267866667,9571468.944933333,10356846.576933334,84740702.60826667,Dic,12.221808715476708,42.474925130593306
cusco,2873331.3768888894,2229831.0942222225,2234160.507555556,2228259.2275555558,2198348.854222222,2172890.1875555557,2526221.312888889,7581756.467555556,13761506.888888888,16687470.763555555,19225716.99822222,7417204.598222222,81136698.27733333,Nov,23.695463836236964,70.56788399561682
loreto,3025807.345711111,3245849.223044445,2694644.3110444443,3384220.3910444444,5910641.052377778,11232720.56171111,15186622.556377778,11454944.103044445,9267500.572377779,6739830.775044445,4036396.385711111,3574093.265711111,79753270.5432,Jul,19.042005992909885,59.10953553682265
lambayeque,21484882.211111113,11391937.685777778,2697003.035111111,2607379.9337777775,2761317.3204444447,6467367.747111111,4044261.893777778,4515471.779111112,3312481.197777778,1998767.6884444444,2116945.5284444443,3526160.7817777777,66923976.802666664,Ene,32.103415304296476,65.53654089092248
ica,6255341.573164444,5189838.682497778,6131901.065431111,6197075.524631111,6141029.613164444,5117151.871831112,5216622.573164444,4479897.238497778,4766018.233164445,5322710.125164445,4457159.287831111,4813530.205164445,64088275.993706666,Ene,9.760508417762253,38.58014183252345
ucayali,4809790.541666667,3914460.893666667,4567349.533666667,4500988.403000001,6085217.376333334,6644082.267,5550375.365666667,5632834.155,5832766.371,5403461.160333334,4787648.029666667,4989400.797666667,62718374.89466667,Jun,10.593517893533603,38.57705211585572
ayacucho,3664039.162666667,1170934.9066666667,1071668.6400000001,970461.6266666667,1069380.8213333334,1191453.4453333332,1149885.3386666668,3477559.541333333,6497257.861333334,14780529.503999999,13463421.962666666,13909473.450666666,62416066.26133333,Oct,23.68064889272991,77.94576892264949
lima,4927125.815057778,6922015.799057778,4890799.551057778,4523972.308391111,4800329.137724444,5403988.460391112,6365433.111057778,6498591.511057777,4718942.695057778,4371052.396391111,4261041.153724445,4144057.015057778,61827348.95402668,Feb,11.195718264104809,40.74253434397639
arequipa,4742370.648888889,3501991.7368888888,4832316.355555556,4713059.123555556,6105489.699555555,3569539.5022222223,3148403.5555555555,3823881.1768888887,4451423.358222222,8254379.054222222,8813717.486222222,3791530.392888889,59748102.09066667,Nov,14.751460176672332,46.873292398572104
apurimac,3522841.683111111,788771.7657777778,434148.0404444444,462662.92844444443,467498.89377777773,517855.61377777776,1004318.891111111,1333560.8937777777,4603439.772444444,11524051.491111109,9487400.957777778,7779008.363111111,41925559.29466666,Oct,27.486935618714764,79.650459400532
huancavelica,4598663.073333333,959477.4733333333,595006.7533333333,779186.2733333333,993816.284,954004.0013333333,798941.5480000001,1421044.8706666667,3211747.3079999997,8095128.550666667,8135047.654666666,8465734.945333334,39007798.736,Dic,21.702672849161242,75.09927546094586
ancash,3163656.0575555554,2314454.9215555554,1303233.8815555556,1710871.4975555555,1644619.8175555556,1766653.3055555555,2005179.9402222224,2415358.4415555554,3209088.9908888885,3553108.766888889,6715964.340222222,4547382.750888889,34349572.712000005,Nov,19.55181334141022,52.47676586844899
pasco,1880796.7500711111,2188974.1047377777,2617864.3767377776,2398147.2407377777,2175899.0807377775,2171598.2167377775,2274129.4594044443,3575395.7207377777,5166636.611404444,4707417.459404444,2647840.6967377774,1983922.1847377778,33788621.90218666,Set,15.291054563755619,47.64115723595904
tacna,1610418.2835555556,1464546.4435555555,1470467.5955555555,1444954.0915555556,1412195.2542222221,1397201.216888889,1455145.1848888888,1662350.3368888889,1836117.5582222221,1839637.5848888888,1769755.1475555554,1650844.000888889,19013632.698666666,Oct,9.67536090574577,37.3829701046765
tumbes,446921.8009555556,4702893.951622223,854742.6990888889,277451.5476222222,321444.1382888889,325347.75162222225,901337.8716222222,4458485.623622223,1249920.7276222224,301756.1196222222,296812.9209555556,290193.02228888887,14427308.174933335,Feb,32.59716847106133,78.41128807481901
madrededios,669342.1783333333,669643.9143333333,662485.4543333333,663466.341,761704.2476666666,656756.461,637692.061,643048.1089999999,1524401.3623333334,3004738.9250000003,2340524.442333333,699961.9623333333,12933765.458666665,Oct,23.231741248149685,59.00345882814584
moquegua,411430.6091111111,374203.7664444444,379126.2464444444,396466.7371111111,354543.3344444444,374956.1077777777,352763.6544444444,575074.577111111,665900.4224444444,557556.0064444444,489986.49177777773,410828.3264444444,5342836.28,Set,12.463425558015496,42.833382455390854
