nombre,clase,lat,lon
Nuevo Horizonte,embarcadero,-10.85858,-73.22114
Nueva Luz,embarcadero,-11.44916,-73.03036
Lagunas,embarcadero,-5.2172,-75.6686
Yurimaguas,embarcadero,-5.88403,-76.10691
Aeródromo de Mollendo,aeropuerto,-17.04331,-71.98704
Puerto Puno,portuario,-15.83518,-70.01456
San Juan de Marcona Airport,aeropuerto,-15.35024,-75.13775
Picota Airport,aeropuerto,-6.9,-76.383
Alerta Airport,aeropuerto,-11.65092,-69.23019
Aerodromo de Huallaga,aeropuerto,-7.06056,-76.5822
Bellavista Airport,aeropuerto,-5.28839,-76.2921
Oventeni Airport,aeropuerto,-10.75029,-74.22099
Areopuerto de Ciudad Constitución,aeropuerto,-9.86393,-75.00573
Tocache Airport,aeropuerto,-8.19489,-76.52276
Aeropuerto de Contamana,aeropuerto,-7.33642,-74.99381
Aeródromo de Galilea,aeropuerto,-4.03188,-77.7588
Güeppi Airport,aeropuerto,-0.11906,-75.2479
Aeropuerto Quincemil,aeropuerto,-13.23147,-70.75115
Iñapari Airport,aeropuerto,-10.979,-69.5594
Pias Airport,aeropuerto,-7.92058,-77.52452
Paita Airport,aeropuerto,-5.08595,-81.1528
Pampa Grande Airport,aeropuerto,-7.61606,-78.0643
Aeródromo de Luisiana,aeropuerto,-12.67529,-73.70927
Mariano Melgar,aeropuerto,-16.7915,-71.8866
Lagarto Nuevo Airport,aeropuerto,-12.6416,-69.8375
Aeropuerto Las Palmas,aeropuerto,-12.162,-77.0002
Aeródromo de Nuevo Mundo,aeropuerto,-11.55089,-73.14395
Intuto Airport,aeropuerto,-3.49264,-74.7725
Saposoa Airport,aeropuerto,-6.96003,-76.7684
Orellana Airport,aeropuerto,-6.89675,-75.1522
Orcopampa Airport,aeropuerto,-15.31528,-72.35329
Aeródromo de Atico,aeropuerto,-16.23023,-73.61064
Puerto Ocopa Airport,aeropuerto,-11.133,-74.35
Pampa Hermosa Airport,aeropuerto,-7.2,-75.3
Aeródromo de Uchiza,aeropuerto,-8.47386,-76.45996
Aeródromo de Palmas del Espino,aeropuerto,-8.33753,-76.48881
Quiruvilca Airport - CLOSED,aeropuerto,-7.97009,-78.20661
San Rafael Airport,aeropuerto,-14.28208,-70.3842
Capitán FAP Leonardo Alvariño Herr Airport,aeropuerto,-11.12823,-75.35086
Areodromo de Sepahua,aeropuerto,-11.1418,-73.0335
Aeródromo de Masisea,aeropuerto,-8.61022,-74.30798
El Pato Air Base,aeropuerto,-4.54981,-81.2241
Aeródromo de Toquepala,aeropuerto,-17.2995,-70.65447
Hacienda El Valor Airport,aeropuerto,-5.67232,-78.6448
Vicco Airport,aeropuerto,-10.84784,-76.24696
Aeropuerto Vitor,aeropuerto,-16.42072,-71.83544
Pachiza Airport,aeropuerto,-7.29401,-76.77057
Puerto de San Francisco,embarcadero,-8.27176,-74.63455
Barca de Puerto Maldonado,embarcadero,-12.58967,-69.17139
Barca de Puerto Maldonado,embarcadero,-12.59359,-69.17279
Local Transportation (Small boat rent),embarcadero,-12.59312,-69.1735
Aeródromo Kirigueti,aeropuerto,-11.57436,-73.12888
Los Uros (Hanan Pacha),embarcadero,-15.81671,-69.97168
PUEBLO,portuario,-15.6533,-69.71889
INCATIANA,portuario,-15.66477,-69.72718
INCASAMANA,portuario,-15.66531,-69.72659
Aerodromo Timpia,aeropuerto,-12.08387,-72.8253
Saniriato,embarcadero,-12.29739,-72.86612
Inti Marka,embarcadero,-15.81124,-69.97525
Aeródromo de Patria,aeropuerto,-12.97086,-71.42671
boat to taquile,muelle,-15.72683,-69.78293
Kitaparay,embarcadero,-12.17795,-72.82835
Pangoa,embarcadero,-12.36309,-72.88744
Carquín,portuario,-11.09113,-77.62948
Santa Rosa de Yavari,embarcadero,-4.22207,-69.95866
Caballococha,embarcadero,-3.90566,-70.51768
Pebas,embarcadero,-3.32282,-71.8622
San Pablo,embarcadero,-4.01722,-71.10038
Iquitos,embarcadero,-3.73087,-73.23866
Puerto Gran Punta,muelle,-4.5819,-73.8529
San Pedro de Tipishca Zona 2,muelle,-4.61893,-73.79799
San Pedro de Tipishca Zona 1,muelle,-4.61249,-73.81823
Puerto Salacancha,portuario,-15.76285,-69.68022
Puerto Chillkano,portuario,-15.76894,-69.69149
Puerta principal,embarcadero,-4.65165,-76.58924
Tulpo Airport,aeropuerto,-8.12695,-77.98897
Aeródromo de Palmapampa,aeropuerto,-12.76454,-73.65398
Puerto Kalapajra,embarcadero,-15.81928,-69.98879
Puerto Bellavista Nanay,embarcadero,-3.70254,-73.24934
Puerto principal de Nauta,embarcadero,-4.5078,-73.57376
Aeródromo de Bolognesi,aeropuerto,-10.02847,-73.94289
Puerto Atalaya,embarcadero,-12.88934,-71.35989
Timpia,embarcadero,-12.07934,-72.82777
Ticumpinia,embarcadero,-11.93627,-72.93074
Camisea,embarcadero,-11.72084,-72.94825
Nuevo Mundo,embarcadero,-11.54095,-73.13077
Sepahua,embarcadero,-11.14879,-73.05002
Ivochote,embarcadero,-12.46128,-72.9661
Sepahua,embarcadero,-11.14825,-73.04542
Atalaya,embarcadero,-10.72564,-73.75285
Santa María,embarcadero,-5.79526,-76.09436
Punta Hermosa,embarcadero,-16.22715,-68.95955
Santa Rosa (Dry season),embarcadero,-4.22468,-69.95358
Puerto Tauchuno,portuario,-15.77451,-69.68831
Puerto Collata,portuario,-15.79308,-69.67903
Puerto Huavillano,portuario,-15.77802,-69.6781
Puerto Qhapunoqa,portuario,-15.78199,-69.68472
Puerto Chujuno,portuario,-15.78745,-69.6779
Puerto Kollino,portuario,-15.77024,-69.67857
Puerto de Barco,portuario,-15.8827,-69.89297
Punta Pejerrey,embarcadero,-13.8025,-76.29043
Matarani,portuario,-16.99554,-72.10709
Embarcadero,muelle,-13.59888,-74.01373
Aeródromo de Ventilla,aeropuerto,-15.85114,-70.06004
Aeródromo de Pichari,aeropuerto,-12.50301,-73.85281
Aeródromo de Pucallpa Oeste,aeropuerto,-8.36364,-74.65743
Aeródromo de Zorrillos,aeropuerto,-8.43817,-75.19397
Aeródromo de Tournavista,aeropuerto,-8.91546,-74.71422
Aeródromo de Iscozacín,aeropuerto,-10.19081,-75.15755
Aeródromo de Urpay,aeropuerto,-8.34887,-77.39977
Aeródromo de Bagua,aeropuerto,-5.68105,-78.61997
Aeródromo de Pucacaca,aeropuerto,-6.84033,-76.33817
Aeródromo de AgrOlmos,aeropuerto,-6.11086,-80.08286
Aeródromo de Cuajone,aeropuerto,-17.06973,-70.76832
Aeródromo de Abancay,aeropuerto,-13.56855,-72.82444
Puerto Cangrejo,embarcadero,-7.20883,-76.73692
Puerto Tarata,embarcadero,-7.21121,-76.73496
San Miguel de Shitari,embarcadero,-5.81211,-76.09833
Aeródromo Grocio Prado,aeropuerto,-13.32475,-76.19506
Muelle,muelle,-0.37221,-74.67488
Aeródromo Revalora,aeropuerto,-13.22324,-76.2697
Embarcadero Sabaluyoc,embarcadero,-12.31936,-69.27196
Muelle Anapia,embarcadero,-16.31678,-68.8598
Aeródromo Aero Link Chala,aeropuerto,-15.80722,-74.28715
Amberes,embarcadero,-7.1854,-76.72846
Aeródromo INAGRO,aeropuerto,-6.01646,-80.08852
Embarque Sabaluyoc 2,embarcadero,-12.24779,-69.4755
Aeropuerto Internacional Alfredo Rodríguez Ballón,aeropuerto,-16.34231,-71.57149
Base Aérea Las Palmas,aeropuerto,-12.16054,-77.00161
El Chaco,muelle,-13.83229,-76.24906
Aeropuerto Internacional Capitán FAP David Abenzur Rengifo,aeropuerto,-8.37742,-74.57397
Embarcadero,muelle,-2.44728,-72.6714
Muelle Puerto Supe,muelle,-10.80013,-77.74716
Areopueto Internacional Inca Manco Cápac,aeropuerto,-15.46751,-70.15706
Pacasmayo,muelle,-7.39819,-79.57343
Aeropuerto Coronel FAP Alfredo Mendívil Duarte,aeropuerto,-13.15507,-74.20492
Aeropuerto de Ilo,aeropuerto,-17.69362,-71.34148
Aeropuerto Francisco Carlé de Jauja,aeropuerto,-11.78347,-75.47337
Aeropuerto Capitán FAP Guillermo Concha Iberico,aeropuerto,-5.2064,-80.61381
Aeropuerto Internacional Capitán FAP José Abelardo Quiñones Gonzales,aeropuerto,-6.78963,-79.8265
Muelle de Malabrigo,muelle,-7.69445,-79.43895
Aeródromo Teniente General Gerardo Pérez Pinedo,aeropuerto,-10.72851,-73.76604
Alquiler de Botes,muelle,-9.07813,-77.65094
Aeródromo de Cunocuno,aeropuerto,-16.04573,-73.09452
Muelle Fiscal,muelle,-17.64375,-71.34588
Aeropuerto de Tingo María,aeropuerto,-9.28893,-76.00476
Aeropuerto Cadete FAP Guillermo del Castillo Paredes,aeropuerto,-6.50925,-76.37238
Chagual Airport,aeropuerto,-7.79778,-77.6512
Aeropuerto de Huamachuco,aeropuerto,-7.81769,-78.029
Aeropuerto Internacional Coronel FAP Francisco Secada Vignetta,aeropuerto,-3.78586,-73.31048
Antiguo Aeropuerto de las Fuerzas Aéreas,aeropuerto,-3.74158,-73.26074
Aeropuerto Capitán FAP Pedro Canga Rodríguez,aeropuerto,-3.55189,-80.3824
Aeropuerto Internacional Capitán FAP Carlos Martínez de Pinillos,aeropuerto,-8.08231,-79.10918
Areodromo Pata de Gallo,aeropuerto,-7.98387,-78.26975
Aeródromo Lib Mandi Metropolitano,aeropuerto,-12.39,-76.76012
Aeropuerto Tnte. FAP Jaime Montreuil Morales,aeropuerto,-9.15131,-78.52433
Aeródromo de Vilcashuaman,aeropuerto,-13.67852,-73.92637
Barco,muelle,-16.01852,-69.44167
Iberia Airport,aeropuerto,-11.41106,-69.48841
Aeródromo Huanacopampa,aeropuerto,-14.14332,-72.33444
Aeropuerto de Andahuaylas,aeropuerto,-13.71052,-73.35265
Aeropuerto de Moyobamba,aeropuerto,-6.01887,-76.98896
Aeropuerto Moisés Benzaquén Rengifo,aeropuerto,-5.89407,-76.1186
Embarcadero del Hotel José Antonio,muelle,-15.85689,-69.98133
Muelle de Huanchaco,muelle,-8.07839,-79.12161
Muelle de Mancora,muelle,-4.11016,-81.0673
Aeropuerto Internacional Jorge Chávez,aeropuerto,-12.01943,-77.11786
Marina Turistica,muelle,-13.8304,-76.24806
Grupo Aéreo 2 Marco Shmemone Oliva,aeropuerto,-16.42912,-71.8386
Aeropuerto Internacional Capitán FAP Renán Elías Olivera,aeropuerto,-13.74609,-76.21809
Escuadrón Aeronaval 31,aeropuerto,-15.35764,-75.13425
Aeródromo del Campamento de Ilo,aeropuerto,-17.6154,-71.33088
Puerto Henry,embarcadero,-3.72236,-73.24016
Puerto Pesquero Artesanal,embarcadero,-3.72368,-73.23961
Puerto Masusa,embarcadero,-3.71728,-73.23838
Terminal de Contenedores Muelle Sur,portuario,-12.05436,-77.15063
Terminal Norte Multipropósito,portuario,-12.04996,-77.14112
Base de Aviacion Naval,aeropuerto,-12.03289,-77.10471
Muelle Pesquero La Puntilla,muelle,-13.81969,-76.25119
Muelle JPQ SAC,muelle,-5.81467,-81.03951
Muelle Miski Mayo,muelle,-5.79809,-81.05118
Areopuerto Internacional Padre Aldamiz,aeropuerto,-12.61647,-69.22667
Muelle Toril,muelle,-5.08462,-81.10941
San Lorenzo Airport,aeropuerto,-4.82431,-76.56035
Terminales Portuarios Euroandinos,portuario,-5.08303,-81.10635
Aeropuerto Alejandro Velasco Astete,aeropuerto,-13.53631,-71.93721
Manu Airport,aeropuerto,-12.28938,-70.89013
Aeropuerto de Pacasmayo,aeropuerto,-7.41588,-79.57095
Aeródromo de Tipishsa,aeropuerto,-9.53396,-72.75711
Muelle Velas,muelle,-13.80579,-76.24682
Muelle Sotavento,muelle,-13.80705,-76.2475
Aeropuerto Internacional Capitán FAP Víctor Montes Arias,aeropuerto,-4.57377,-81.25052
Muelle de Conchán,muelle,-12.25178,-76.93823
Muelle de Puerto Etén,muelle,-6.93578,-79.86833
Muelle TASA,muelle,-11.95843,-77.13686
Aeropuerto Mayor General FAP Armando Revoredo Iglesias,aeropuerto,-7.13957,-78.48931
Areopuerto de Chachapoyas,aeropuerto,-6.20208,-77.85596
Aeropuerto María Reiche Neuman,aeropuerto,-14.85437,-74.96172
Aeropuerto Internacional Coronel FAP Carlos Ciriani Santa Rosa,aeropuerto,-18.05353,-70.27555
Juanjui Airport,aeropuerto,-7.16786,-76.72756
Juan Simons Vela Airport,aeropuerto,-6.06783,-77.16008
Alferez FAP Alfredo Vladimir Sara Bauer Airport,aeropuerto,-2.79573,-76.46684
Aeropuerto Alférez FAP David Figueroa Fernandini,aeropuerto,-9.87868,-76.20407
Aeropuerto de Jaén,aeropuerto,-5.5925,-78.77409
Comandante FAP Germán Arias Graziani Airport,aeropuerto,-9.34812,-77.59807
Desembarcadero Pesquero Artesanal de Morro Sama,portuario,-17.9947,-70.88371
Aeródromo Walter Braedt Segú,aeropuerto,-4.08757,-81.02566
Muelle de Pimentel,muelle,-6.83778,-79.94015
Aeródromo Hernán Turque Podestá,aeropuerto,-17.18002,-70.93144
Puerto General San Martín,portuario,-13.8026,-76.29228
Puerto Internacional de Yurimaguas,portuario,-5.85239,-76.16118
Desembarcadero Pesquero Artesanal Callao,portuario,-12.04495,-77.14088
Aeropuerto Manuel Prado Ugarteche,aeropuerto,-11.32539,-74.53576
Aeródromo Las Dunas,aeropuerto,-14.03565,-75.75968
Aeródromo de Yarinacocha,aeropuerto,-8.34021,-74.5981
Aeródromo Kiteni,aeropuerto,-12.64851,-73.03669
Aeropuerto Miguel Grau,aeropuerto,-9.76804,-70.7064
Aeropuerto de Santa Lucía,aeropuerto,-8.33432,-76.38604
Muelle Copeinca Bayovar,muelle,-5.82183,-81.03215
Aeropuerto de Puerto Bermúdez,aeropuerto,-10.29759,-74.93636
Aerodromo Pueblo Libre de Codo,aeropuerto,-9.66462,-75.28534
Terminal Portuario del Callao,portuario,-12.05106,-77.14572
Muelle Municipal Centenario,portuario,-9.1214,-78.55888
Puerto de Chancay,portuario,-11.5923,-77.28001
Aerodromo Las Malvinas,aeropuerto,-11.85596,-72.93938
Puerto Los Eduardos,portuario,-4.5107,-73.57734
Trompeteros Airport,aeropuerto,-3.80542,-75.04001
Aeródromo de Caravelí,aeropuerto,-15.77939,-73.36107
Desembarcadero Pesquero Artesanal Talara,portuario,-4.57104,-81.27382
Muelle,muelle,-0.37244,-74.67462
Aeródromo de Huancabamba,aeropuerto,-5.2567,-79.44312
Aeródromo de Yauri,aeropuerto,-14.79499,-71.43207
Aeródromo Ciro Alegría,aeropuerto,-4.607,-77.94095
Aeródromo Rodríguez de Mendoza,aeropuerto,-6.39214,-77.50174
Desembarcadero Pesquero Artesanal Lobitos,portuario,-4.45084,-81.27801
Paddle Board - Paseo en Bote,muelle,-8.99922,-77.68413
Futuro Aeropuerto de la Nueva Ciudad de Olmos,aeropuerto,-6.04819,-80.13788
Aeródromo INAGRO,aeropuerto,-6.01667,-80.08847
Muelle Bayovar PETROPERU,muelle,-5.79399,-81.05511
J.P.Q.,portuario,-5.81634,-81.0414
Aeródromo Las Américas,aeropuerto,-8.31764,-74.72658
Muelle de Malabrigo,muelle,-7.69408,-79.44017
Muelle de Malabrigo,muelle,-7.6951,-79.43688
Muelle Copeinca Bayovar,muelle,-5.82186,-81.03217
Aerodromo Chao,aeropuerto,-8.58166,-78.68109
Aeropuerto de Caballococha,aeropuerto,-3.91726,-70.50758
Aeropuerto El Estrecho,aeropuerto,-2.45386,-72.67094
Muelle hotel GHL Lago Titicaca,muelle,-15.82882,-69.99481
Aerodromo Las Plumas,aeropuerto,-12.91921,-76.49175
