k,ha_cosechada,g_fert,g_plag,n_cultivos,gasto_ha,dep,ua_total,ua_objetivo_5_mas_x,share_comercial,productores_x,compradores_insumos,compran_a_credito,tasa_fert,tasa_pest,tasa_credito,tam_usd,tasa_compra,ha_sam,sam_usd,clientes_sam,ticket_anual,densidad,score,rank,pct_sam,pct_acum,productores_y,ua_objetivo_5_mas_y,ua_micro_0_5,ua_pequeno_5_20,ua_mediano_20_100,ua_grande_100_mas,tasa_fert_e,tasa_pest_e,tasa_credito_e,compran_a_credito_e,prospectos,fundos,sectores,ha_agricola,region_nat,uso_ha
lalibertad,278106.52,78413534.93824,51624182.57061333,101.0,467.5824123391761,La Libertad,126100.0,21886.0,0.6455083057947524,127279.0,14107.358065027756,1104.1929579698651,0.6445836637589215,0.573005551149881,0.0504520222045995,130037717.50885336,0.6445836637589215,115715.7035078694,54106627.79173444,14107.358065027756,3835.34801784504,194.55361129877295,76.60752406400348,1,10.562032169461622,10.562032169461622,127279.0,21886.0,104214.0,19075.0,2431.0,380.0,0.6445836637589215,0.573005551149881,0.0504520222045995,1104.1929579698651,293,18,364,623194.835476467,SIERRA,0.4462593464648534
junin,283502.24,68777508.75333333,40897929.105066665,91.0,386.8591580031255,Junín,132063.0,29074.0,0.7750811323144658,135849.0,16573.080423737156,3595.970983545732,0.5700309700673164,0.4597426985605355,0.1236833935318749,109675437.8584,0.5700309700673164,125257.03047697362,48456829.34429384,16573.080423737156,2923.827562852497,170.9222098008603,75.49862249127709,2,9.4591478207542,20.02117999021582,135849.0,29074.0,102989.0,22667.0,5407.0,1000.0,0.5700309700673164,0.4597426985605355,0.1236833935318749,3595.970983545732,181,8,446,577133.3414644432,SIERRA,0.49122485157525136
sanmartin,553252.8,123327455.33573334,83994791.50986665,42.0,374.7332988565082,San Martín,90651.0,40673.0,0.9007916342443348,91224.0,10249.572668806744,4369.214614289969,0.2519994263714686,0.2403172607031362,0.1074229738226826,207322246.8456,0.2519994263714686,125587.8185766217,47061937.55141012,10249.572668806744,4591.599969297947,85.06407477993807,63.15222027380638,3,9.186854155621988,29.208034145837807,91224.0,40673.0,49978.0,29005.0,11155.0,513.0,0.2519994263714686,0.2403172607031362,0.1074229738226826,4369.214614289969,27,4,263,1323243.095662399,SELVA BAJA,0.4181036740819332
lambayeque,130124.67,40750422.66933333,28816843.053066667,67.0,534.6201125612845,Lambayeque,57324.0,9518.0,0.6091279250404723,59102.0,7442.184704486776,1794.379771125532,0.7819063568487893,0.770026515944456,0.1885248761426278,69567265.7224,0.7819063568487893,61975.90752588504,33133566.657576416,7442.184704486776,4452.129041839114,254.629400078989,60.47217762506557,4,6.467928444429579,35.67596259026739,59102.0,9518.0,47806.0,8629.0,739.0,150.0,0.7819063568487893,0.770026515944456,0.1885248761426278,1794.379771125532,119,40,212,330427.0990191745,COSTA,0.39380750061437586
piura,229836.99322615183,65183714.11897384,43141233.51895558,57.0,471.3120638997453,Piura,139981.0,13471.0,0.4861990364455094,142850.0,7977.839135311221,2046.041469913774,0.5922232302955401,0.5163343596630972,0.1518848986648188,108324947.6379294,0.5922232302955401,66178.88780020649,31190908.195705,7977.839135311221,3909.6937988695377,135.7088245799239,54.79581250188973,5,6.088706489449466,41.76466907971685,142850.0,13471.0,126510.0,11893.0,1282.0,296.0,0.5922232302955401,0.5163343596630972,0.1518848986648188,2046.041469913774,236,112,330,725257.904435112,COSTA,0.3169038101076154
ica,110514.94,38778744.7816,26550024.545066666,72.0,591.130659136825,Ica,32291.0,6792.0,0.7648133074771548,32522.0,3863.6848657520673,974.913133690502,0.5688581957821065,0.5335852095010993,0.1435384472453625,65328769.32666667,0.5688581957821065,48081.77011183071,28422608.45867178,3863.6848657520673,7356.347488536519,257.18340396937987,52.12110398769082,6,5.548312972599695,47.31298205231655,32522.0,6792.0,25499.0,5506.0,1034.0,252.0,0.5688581957821065,0.5335852095010993,0.1435384472453625,974.913133690502,561,400,213,167178.94485662886,COSTA,0.6610577671415298
arequipa,133942.46020272726,34880505.542060606,24215583.746070087,81.0,441.20504579866906,Arequipa,53208.0,10090.0,0.8851114965774322,58202.0,5742.281047962711,1522.185197714629,0.5691061494512103,0.5421741091565179,0.1508607728161178,59096089.28813069,0.5691061494512103,67469.81693286462,29768023.669892352,5742.281047962711,5184.006742486711,222.2448626435356,48.61078475759333,7,5.810948426372431,53.123930478688976,58202.0,10090.0,43118.0,6788.0,1118.0,2184.0,0.5691061494512103,0.5421741091565179,0.1508607728161178,1522.185197714629,402,160,217,167690.46717951604,SIERRA,0.7987482082648094
lima,132510.059,39781954.3848,27236882.76381333,89.0,505.7641484305228,Lima,77241.0,8761.0,0.6384228520136753,78518.0,5448.105449178545,1098.8538211571574,0.621858857342603,0.580443028961303,0.1254256159293639,67018837.14861333,0.621858857342603,52607.67345881642,26607075.1678093,5448.105449178545,4883.729842604472,200.792870885442,47.916432111822736,8,5.193906834101679,58.31783731279066,78518.0,8761.0,68480.0,7333.0,888.0,540.0,0.621858857342603,0.580443028961303,0.1254256159293639,1098.8538211571574,1483,49,440,262930.6952141297,SIERRA,0.5039733337033333
puno,328260.0,55900201.776,43396569.62133333,55.0,302.4942770892991,Puno,212215.0,52381.0,0.8856569730653544,215170.0,15397.98752680065,1235.1366491529816,0.2939613128195462,0.2625497726362416,0.0235798600475932,99296771.39733332,0.2939613128195462,85462.12548579788,25851803.86734139,15397.98752680065,1678.9079626376863,78.75404821586972,47.44442018992689,9,5.046472035486641,63.3643093482773,215170.0,52381.0,159834.0,32983.0,13457.0,5941.0,0.2939613128195462,0.2625497726362416,0.0235798600475932,1235.1366491529816,240,207,525,982833.4443520824,SIERRA,0.3339935183182541
cusco,240627.55,54481420.781333335,32302527.864,61.0,360.6567437740746,Cusco,179128.0,32068.0,0.7820836968420585,182058.0,12417.022910991023,1393.87168951811,0.3872091465320887,0.3169688714215533,0.0434661247822785,86783948.64533333,0.3872091465320887,72869.23152689158,26280779.76380786,12417.022910991023,2116.512142419036,109.21766756885428,47.088114089972855,10,5.130211447889915,68.49452079616722,182058.0,32068.0,147060.0,23082.0,6935.0,2051.0,0.3872091465320887,0.3169688714215533,0.0434661247822785,1393.87168951811,252,39,470,349317.5584920022,SIERRA,0.6888504289300112
huanuco,399748.75,47600341.95413333,46553966.55173333,84.0,235.53371587995372,Huánuco,106356.0,26631.0,0.8417778042391045,106926.0,11801.862828613335,1084.2099176351123,0.4431625860318177,0.4023092256196171,0.0407123246455301,94154308.50586666,0.4431625860318177,149124.04402363126,35123740.21593168,11801.862828613335,2976.118323522199,87.86454045430204,46.14049620752876,11,6.856425713693351,75.35094650986058,106926.0,26631.0,79725.0,17947.0,7441.0,1243.0,0.4431625860318177,0.4023092256196171,0.0407123246455301,1084.2099176351123,65,5,420,859818.9689289792,SIERRA,0.46492199456583416
cajamarca,379261.272,81687998.50666668,46389074.90197334,69.0,337.7014287096522,Cajamarca,329650.0,35384.0,0.5061530322107491,339979.0,13064.869795237371,882.9630941908085,0.3692310025784923,0.2833035037160625,0.0249537388138935,128077073.40864,0.3692310025784923,70879.1498367226,23935990.16558673,13064.869795237371,1832.0879228595363,63.11213913132352,44.252914858125024,12,4.672490385280764,80.02343689514134,339979.0,35384.0,294266.0,30233.0,4707.0,444.0,0.3692310025784923,0.2833035037160625,0.0249537388138935,882.9630941908085,61,31,465,1233967.3913563923,SIERRA,0.30735112990555713
tumbes,26257.5,7760897.794080001,6132302.660906668,32.0,529.113603922181,Tumbes,7626.0,1042.0,0.5080693365212193,8141.0,794.9588250721217,338.1785995279307,0.7629163388408078,0.5487804878048781,0.3245476003147128,13893200.45498667,0.7629163388408078,10177.785058006952,5385204.531987383,794.9588250721217,6774.193030058905,205.0920511087264,35.38082759874908,13,1.0512335702183662,81.07467046535972,8141.0,1042.0,6584.0,965.0,69.0,8.0,0.7629163388408078,0.5487804878048781,0.3245476003147128,338.1785995279307,10,3,57,32040.67903906427,COSTA,0.8195051037459796
amazonas,269973.76900000003,61321007.07040001,38661153.848346666,76.0,370.3402789429764,Amazonas,69028.0,25132.0,0.8792875390838767,69562.0,5316.720693052095,1028.9017789882366,0.2115518340383612,0.2048299240887755,0.0409399084429506,99982160.91874668,0.2115518340383612,50219.14135925326,18598170.819262616,5316.720693052095,3498.053009172883,68.88880682057157,30.58105235873349,14,3.630506769749239,84.70517723510895,69562.0,25132.0,43896.0,18305.0,6092.0,735.0,0.2115518340383612,0.2048299240887755,0.0409399084429506,1028.9017789882366,3,1,337,520995.2885194088,SELVA ALTA,0.518188503714161
ancash,89106.86,22673618.78666667,14710662.925866667,76.0,419.54437304303326,Áncash,168253.0,10354.0,0.434937812347349,169938.0,6760.841447106442,268.2453566949772,0.6529690406708945,0.5028498748907895,0.0259074132407743,37384281.71253334,0.6529690406708945,25306.4307600761,10617170.627193058,6760.841447106442,1570.3918972596346,119.15099047585178,28.668736526396867,15,2.072553812533239,86.77773104764219,169938.0,10354.0,157899.0,8927.0,954.0,473.0,0.6529690406708945,0.5028498748907895,0.0259074132407743,268.2453566949772,268,17,338,498616.86519879417,SIERRA,0.17870807471478903
tacna,45422.0,13157330.778666666,5835052.2453333335,48.0,418.13180890317466,Tacna,21233.0,4365.0,0.7569207268744687,22059.0,2564.9745678896056,610.5613902887015,0.5876230396081571,0.4649366552065181,0.1398766071680874,18992383.024,0.5876230396081571,20202.981494666856,8447509.197602415,2564.9745678896056,3293.408559817732,185.97836285505736,25.847327245337294,16,1.649019122765025,88.42675017040722,22059.0,4365.0,16868.0,3899.0,229.0,237.0,0.5876230396081571,0.4649366552065181,0.1398766071680874,610.5613902887015,116,10,51,75721.96114802554,SIERRA,0.599852398318191
ayacucho,150285.2,36562009.74933334,23005599.226666667,79.0,396.3637735186166,Ayacucho,111604.0,11951.0,0.6231891456028555,113768.0,3644.4960216479694,543.4511755851045,0.3049532274828859,0.290383857209419,0.0454732805275796,59567608.976,0.3049532274828859,28560.731610558105,11320439.355613248,3644.4960216479694,3106.1741564185786,75.3263751561248,24.054123167612552,17,2.209837306931408,90.63658747733862,113768.0,11951.0,99653.0,9906.0,1341.0,704.0,0.3049532274828859,0.290383857209419,0.0454732805275796,543.4511755851045,104,98,423,466107.8384324247,SIERRA,0.3224258156769617
pasco,131084.269,16136692.96832,15236617.033306668,52.0,239.33695660786475,Pasco,30159.0,11249.0,0.925510123690223,32556.0,5771.644484233561,725.8381909214496,0.5130806724360887,0.4017374581385324,0.0645246858317583,31373310.00162667,0.5130806724360887,62246.853807489846,14897972.5486993,5771.644484233561,2581.235311599006,113.65187190157272,22.805318708980792,18,2.9081994524736587,93.54478692981228,32556.0,11249.0,18910.0,5879.0,4604.0,766.0,0.5130806724360887,0.4017374581385324,0.0645246858317583,725.8381909214496,15,3,121,256318.53278964615,SIERRA,0.5114115923391985
ucayali,165735.31,44220084.975200005,25665566.0288,47.0,421.6702584621226,Ucayali,25482.0,13545.0,0.9524016017656506,25580.0,1990.661054862256,823.9051094890511,0.1469664861470842,0.1430813907856526,0.0608272506082725,69885651.00400001,0.1469664861470842,23198.15643594142,9781972.620188173,1990.661054862256,4913.931779744913,59.02165700349654,22.361356694587837,19,1.9095167027024271,95.45430363251472,25580.0,13545.0,11937.0,7655.0,5258.0,632.0,0.1469664861470842,0.1430813907856526,0.0608272506082725,823.9051094890511,65,3,110,677549.246535553,SELVA BAJA,0.24460998347712481
huancavelica,88945.8,21061919.85066667,13303720.533333331,56.0,386.3660834350807,Huancavelica,72089.0,5371.0,0.6076750285196815,74922.0,2532.2057040602585,185.3687525142532,0.4714588910929545,0.3683502337388505,0.0345128937840724,34365640.384,0.4714588910929545,25482.41979938448,9845542.734336738,2532.2057040602585,3888.1291194273545,110.6914855376728,20.1588170970867,20,1.9219260805930245,97.37622971310772,74922.0,5371.0,66718.0,4270.0,528.0,573.0,0.4714588910929545,0.3683502337388505,0.0345128937840724,185.3687525142532,7,3,444,292244.7498985926,SIERRA,0.3043537994467436
apurimac,98897.75,24169400.66773333,14392643.4616,75.0,389.9183159306792,Apurímac,81590.0,3712.0,0.537381546764246,83328.0,1220.8335335212648,315.4676798627283,0.3288883441598235,0.3089349184949136,0.0849859051354332,38562044.12933333,0.3288883441598235,17479.04266824072,6815398.881280907,1220.8335335212648,5582.578373009767,68.91358884586259,18.42231608057976,21,1.3304185673681617,98.70664828047587,83328.0,3712.0,77878.0,2866.0,279.0,567.0,0.3288883441598235,0.3089349184949136,0.0849859051354332,315.4676798627283,44,22,464,322731.79095383856,SIERRA,0.30643944219968616
loreto,220625.71,53979248.71466667,35878777.745866664,53.0,407.2871945002844,Loreto,67219.0,22242.0,0.8622885718375429,67585.0,1005.5704190779392,238.239783394576,0.0360463559410285,0.045210431574406,0.0107112572338178,89858026.46053334,0.045210431574406,8600.96941737762,3503064.7039864766,1005.5704190779392,3483.659261972545,15.877862575429116,12.94425806375233,22,0.6838253205804654,99.39047360105636,67585.0,22242.0,44977.0,15866.0,5739.0,637.0,0.0360463559410285,0.045210431574406,0.0107112572338178,238.23978339457597,24,6,152,684123.994748937,SELVA BAJA,0.3224937462995524
moquegua,16382.0,2911792.6186666666,2241244.08,56.0,314.55479786757826,Moquegua,13369.0,1173.0,0.780058069286397,14205.0,609.4440870670956,80.37010995586805,0.5195601765277882,0.4772234273318872,0.0685167177799386,5153036.698666667,0.5195601765277882,6639.413406210757,2088459.3419499137,609.4440870670956,3426.8268185199227,127.48500439201035,9.190170039798012,23,0.4076834142980423,99.7981570153544,14205.0,1173.0,12196.0,725.0,165.0,283.0,0.5195601765277882,0.4772234273318872,0.0685167177799386,80.37010995586805,38,15,109,26705.898502631033,SIERRA,0.6134225365376141
madrededios,48958.8,4899387.329333333,5247922.124,29.0,207.262217483544,Madre de Dios,6641.0,5678.0,0.9936927112499632,6642.0,582.2493600361391,183.8232193946695,0.0835717512422827,0.1025447974702605,0.0323746423731365,10147309.453333331,0.1025447974702605,4988.804674982976,1033990.7195292424,582.2493600361391,1775.8554847790035,21.11960913113153,1.0354147448309408,24,0.201842984645607,100.0,6642.0,5678.0,963.0,1120.0,4151.0,407.0,0.0835717512422827,0.1025447974702605,0.0323746423731365,183.8232193946695,8,1,65,193494.5941360536,SELVA BAJA,0.2530241230696872
