cluster,empresas,agroindustria,productor,exportadores,importadores,dentro_2h,horas_al_hub,hub,rank,territorio,dep,sam_usd,clientes,extension_km,visitable_en_dia,empresas_por_mm
0,133.0,15.0,93.0,1.0,1.0,59.0,2.1324774669483304,Otuzco,1,"La Libertad · Sanchez Carrion, Pataz",La Libertad,33637887.472499914,9114.522777125883,231.538287725718,False,3.95387493072304
4,952.0,190.0,365.0,7.0,7.0,944.0,0.3319496942131081,Chiclayo,2,"Lambayeque · Chiclayo, Lambayeque",Lambayeque,31450481.05032067,7263.319854079438,196.3054414598064,False,30.269807271844368
17,451.0,69.0,256.0,15.0,2.0,0.0,3.9534802495327312,Chiclayo,3,"Piura · Ayabaca, Huancabamba",Piura,24788236.85153129,6340.19903520287,220.51240786659292,False,18.194113712131145
8,513.0,99.0,232.0,3.0,3.0,293.0,1.0065996404182442,Picota,4,"San Martín · Picota, Lamas",San Martín,23951737.31264537,5225.499805377807,253.66410158423653,False,21.418070568482758
5,649.0,99.0,389.0,9.0,1.0,497.0,1.6185761674423702,Satipo,5,"Junín · Satipo, Chanchamayo",Junín,23800262.49376659,8184.985777139142,183.9385112524297,False,27.26860681347428
18,283.0,35.0,163.0,2.0,0.0,263.0,0.8567348222422879,Jauja,6,"Junín · Jauja, Huancayo",Junín,13698201.745353617,4570.498663869022,204.3296669666913,False,20.659646080624608
1,168.0,19.0,102.0,3.0,0.0,168.0,0.6174099755226052,Pisco,7,"Ica · Pisco, Chincha",Ica,13502727.11900694,1835.520567788348,94.22816046472566,True,12.441931064689664
9,93.0,14.0,54.0,2.0,1.0,0.0,13.915195935527665,Pisco,8,"Cusco · Anta, Paucartambo",Cusco,12579168.581359794,5943.3481761095045,202.8512867313473,False,7.393175423200091
2,553.0,98.0,215.0,8.0,2.0,547.0,1.1317589110913104,Otuzco,9,"La Libertad · Ascope, Trujillo",La Libertad,7031975.070946208,1833.464665586528,88.56527896103984,True,78.64077935725524
23,230.0,49.0,125.0,0.0,1.0,0.0,6.100074580543151,Jauja,10,"Huánuco · Huanuco, Ambo",Huánuco,6823626.768246845,2292.79417902013,153.5419495541923,False,33.7064156366648
10,241.0,25.0,108.0,5.0,1.0,0.0,5.4440362954355805,Pisco,11,"Lima · Huaura, Barranca",Lima,6077274.857092852,1244.392104591082,96.06341255487264,True,39.65593225041095
28,180.0,37.0,85.0,1.0,2.0,0.0,16.22845054557729,Pisco,12,"Puno · Azangaro, Puno",Puno,6017130.899616496,3583.955186062222,113.3636058806576,True,29.914589362094876
6,134.0,20.0,63.0,3.0,1.0,134.0,1.229441529525502,Pisco,13,Ica · Ica,Ica,5909259.563507337,803.2871710744773,70.67121758268794,True,22.67627586161855
20,120.0,12.0,91.0,1.0,1.0,0.0,17.737383095680343,Pisco,14,"Puno · Chucuito, El Collao",Puno,5305437.303788863,3160.052499515003,121.59365670190073,False,22.618305170490345
7,91.0,9.0,57.0,3.0,3.0,0.0,7.083942816971103,Chiclayo,15,"Tumbes · Tumbes, Zarumilla",Tumbes,4923342.632618361,726.7792061389711,62.14890711153203,True,18.48337741052238
12,108.0,8.0,53.0,1.0,0.0,71.0,1.918941130687017,Otuzco,16,"La Libertad · Viru, Trujillo",La Libertad,4383564.288066521,1142.9378162479,59.479892981927776,True,24.637485138295084
22,105.0,15.0,48.0,0.0,0.0,0.0,5.387917614967591,Chiclayo,17,"Amazonas · Utcubamba, Bagua",Amazonas,4150075.787416978,1186.3959112495745,90.34872998700187,True,25.30074277639936
31,63.0,15.0,23.0,0.0,1.0,0.0,5.983875862541026,Picota,19,"Huánuco · Leoncio Prado, Huamalies",Huánuco,2964169.625858106,995.9851402514294,78.78313031181222,True,21.253844398922325
13,200.0,22.0,103.0,1.0,0.0,200.0,1.2977580000442686,Pisco,20,Lima · Cañete,Lima,2752335.699694612,563.5724719422242,49.87615559104436,True,72.66555457686037
14,298.0,69.0,96.0,5.0,2.0,0.0,11.615593168988198,Pisco,21,Arequipa · Arequipa,Arequipa,2655052.361782371,512.1622122946492,52.99515733120241,True,112.23884104490833
3,5.0,1.0,4.0,0.0,0.0,0.0,6.508575721818488,Satipo,22,Huánuco · Puerto Inca,Huánuco,2399804.086283852,806.3537216637656,44.24307799478088,True,2.0835034112066237
15,399.0,44.0,178.0,7.0,4.0,0.0,10.712589289729294,Pisco,23,"Arequipa · Caylloma, Arequipa",Arequipa,2335048.562609574,450.43316465469655,27.720934949023416,True,170.874390532628
24,43.0,6.0,14.0,2.0,1.0,0.0,3.846495951316683,Pisco,25,Lima · Huaral,Lima,2218168.7455073185,454.195628545329,49.910885967862576,True,19.3853601476859
33,117.0,17.0,69.0,1.0,0.0,0.0,4.295617018626217,Chiclayo,26,"Cajamarca · Chota, Cutervo",Cajamarca,2113505.8999466514,1153.6050609666572,80.00249127724642,True,55.358255684525545
37,1.0,0.0,1.0,0.0,0.0,0.0,14.663671682983477,Pisco,27,Arequipa · Caylloma,Arequipa,2015807.8426577367,388.85131574708873,60.21105120510615,True,0.496079030371046
25,4.0,0.0,3.0,0.0,0.0,0.0,12.140810542385225,Pisco,28,"Arequipa · Castilla, Condesuyos",Arequipa,1988782.950373307,383.6381874417296,42.49069208651367,True,2.011280315556393
16,54.0,9.0,29.0,0.0,0.0,0.0,3.04734583888785,Satipo,29,Pasco · Oxapampa,Pasco,1630524.0396770576,631.6836099173739,41.97968231249377,True,33.118186966869416
32,16.0,2.0,6.0,0.0,0.0,0.0,10.732548825459162,Pisco,30,Arequipa · Arequipa,Arequipa,1628985.0159011187,314.23281195805555,18.461658583707905,True,9.822067019535567
11,25.0,3.0,10.0,2.0,1.0,0.0,11.01455122023799,Pisco,31,Arequipa · Islay,Arequipa,1608768.7195113506,310.3330684982177,31.228305406658045,True,15.53983471756806
40,3.0,0.0,3.0,0.0,0.0,0.0,5.40781587264064,Otuzco,33,"Cajamarca · Cajamarca, Celendin",Cajamarca,1334459.3946180968,728.3817430198781,55.36452995802531,True,2.248101375057993
34,59.0,16.0,18.0,2.0,0.0,0.0,9.140765062185892,Pisco,34,Arequipa · Camana,Arequipa,1241336.5389332746,239.455039431106,37.63707641616232,True,47.529415391816976
35,8.0,2.0,3.0,0.0,0.0,0.0,3.652904597744055,Pisco,35,Lima · Huarochiri,Lima,1222335.967669142,250.2873842459057,54.07517572663501,True,6.544845452969126
29,5.0,1.0,1.0,1.0,0.0,0.0,13.7338482408868,Pisco,36,Arequipa · La Union,Arequipa,1182634.570892829,228.13137205248543,44.11291567409421,True,4.22784867199109
39,21.0,5.0,14.0,0.0,0.0,0.0,17.385344228916438,Pisco,37,"Puno · Azangaro, Melgar",Puno,1050803.7843201796,625.8852824006448,41.2662198626818,True,19.984701533584605
26,14.0,0.0,11.0,0.0,0.0,0.0,2.4783869274979224,Jauja,38,Junín · Huancayo,Junín,954456.091752204,326.44062320181195,29.076352414726387,True,14.668039861633238
43,16.0,0.0,8.0,1.0,0.0,0.0,2.2582804431622208,Pisco,40,"Ica · Palpa, Nasca",Ica,900791.448254577,122.4509105447086,41.98541547808984,True,17.762157967865345
46,23.0,4.0,18.0,0.0,0.0,0.0,3.6228652879290166,Jauja,42,"Huancavelica · Acobamba, Churcampa",Huancavelica,841838.4562637748,216.51504628729023,43.24296096693544,True,27.321156249000545
42,1.0,0.0,1.0,0.0,0.0,0.0,3.258499649324221,Jauja,44,"Pasco · Pasco, Junin",Pasco,809621.3271463161,296.09141346621936,35.453956487904314,True,1.2351453284027416
44,32.0,6.0,20.0,0.0,0.0,0.0,5.414302857207076,Pisco,45,"Ayacucho · Cangallo, Huamanga",Ayacucho,776933.9839585128,250.1256996015697,41.43726010280692,True,41.18754058994639
56,4.0,0.0,3.0,0.0,0.0,0.0,6.166474806692349,Pisco,46,"Lima · Huaura, Huaral",Lima,774524.0741013897,158.59273527880887,36.44822173966242,True,5.1644618079055045
53,8.0,0.0,8.0,0.0,0.0,0.0,5.899342743479792,Chiclayo,49,Cajamarca · Celendin,Cajamarca,711097.3352513531,388.1349395838313,29.68310948102941,True,11.250217942628378
47,5.0,1.0,2.0,0.0,0.0,0.0,3.3787478959857253,Otuzco,54,La Libertad · Gran Chimu,La Libertad,545132.1314968013,142.1336809490091,21.4310329691183,True,9.172088216981829
51,12.0,0.0,6.0,0.0,0.0,0.0,3.3969394948144327,Chiclayo,55,"Cajamarca · San Miguel, San Pablo",Cajamarca,531287.7286668159,289.9903012501595,28.792628709962425,True,22.586631221677443
38,8.0,3.0,3.0,0.0,0.0,8.0,1.7389395084319403,Pisco,56,Lima · Cañete,Lima,527779.2832002399,108.06889410548916,20.130344547924903,True,15.157851500898706
50,16.0,1.0,13.0,0.0,0.0,0.0,3.593364623731759,Chiclayo,57,"Cajamarca · San Miguel, Santa Cruz",Cajamarca,525817.1923852694,287.0043439643279,32.07554280474367,True,30.42882627595163
