partida,nombre,motivo,fob_usd,fob_anual
8431,Partes de maquinaria pesada,Dominadas por chancado y fajas de mineria,1559375333.4019763,328289543.87410027
8413,Bombas,La de riego y la de una refineria comparten subpartida,1313732464.8769453,276575255.76356745
8481,Valvulas y grifos,"Genericos de industria, uso agricola indistinguible",1253384778.051998,263870479.5898943
7318,Tornilleria,Generico de industria,784826437.4559118,165226618.4117709
8482,Rodamientos,Generico de industria,520004637.77000844,109474660.58315969
8207,Utiles intercambiables,Dominados por barras de perforacion de mineria,499826390.8539874,105226608.60083945
3917,Manguera y tuberia plastica,La cinta de goteo no se separa del resto,451344667.1410135,95019929.9244239
230910,Alimento para perros y gatos,"Mascota, no ganaderia",221175854.65099984,46563337.82126313
2936,Vitaminas,Mezcla uso humano y animal sin separacion,170821463.08399966,35962413.280842036
