ruc,razon_social,nombre_limpio,fob_usd,peso_kg,operaciones,partidas,semanas_activo,paises,toneladas,fob_anualizado,rubro,uso_dual
20131016639,ORICA MINING SERVICES PERU S.A.,ORICA MINING SERVICES PERU,21313097.131,35486150.0,10,3,4,5,35486.15,110828105.08120002,Otro,True
20506453047,CHEMTRADE S.A.C.,CHEMTRADE,16514669.235,30351950.0,11,3,6,6,30351.95,85876280.022,Fertilizantes,True
20524269440,MACROSOURCE PERÚ SOCIEDAD COMERCIAL DE R,MACROSOURCE PERÚ SOCIEDAD COMERCIAL DE R,14805059.87,26279770.0,28,3,10,9,26279.77,76986311.324,Fertilizantes,True
20602237525,INKA AGRI-RESOURCES S.A.C.,INKA AGRI-RESOURCES,14463928.736,29810550.0,33,3,5,4,29810.55,75212429.4272,Fertilizantes,True
20257364357,MOLINOS & CIA S.A.,MOLINOS & CIA,14217450.211,24070440.0,26,3,9,3,24070.44,73930741.0972,Fertilizantes,True
20601647649,EQUILIBRA PERU S.A,EQUILIBRA PERU,13970671.969,24868030.0,50,9,10,14,24868.03,72647494.2388,Fertilizantes,True
20100094135,EXSA S A,EXSA S A,12091584.728,21746300.0,25,3,8,5,21746.3,62876240.5856,Fertilizantes,True
20307150981,TECNOLOGIA QUIMICA Y COMERCIO S.A.,TECNOLOGIA QUIMICA Y COMERCIO,10791096.08,369369.43,114,3,10,13,369.36942999999997,56113699.616,Agroquimicos,False
20100193117,YARA PERU S.R.L.,YARA PERU,10291738.87,17680534.0,47,3,8,6,17680.534,53517042.12399999,Fertilizantes,True
20100112214,FAMESA EXPLOSIVOS S.A.C.,FAMESA EXPLOSIVOS,7533938.058,11986500.0,65,3,10,5,11986.5,39176477.901599996,Fertilizantes,True
20516596946,ADAMA AGRICULTURE PERU S.A.,ADAMA AGRICULTURE PERU,6942282.791,679488.4,65,4,9,10,679.4884000000001,36099870.5132,Agroquimicos,True
20483919159,CERES PERU SOCIEDAD ANONIMA,CERES PERU,6303911.1,11843000.0,8,3,5,5,11843.0,32780337.72,Fertilizantes,True
20100096341,BAYER S.A.,BAYER,6146827.93,276691.08,76,2,10,11,276.69108,31963505.235999998,Agroquimicos,False
20330791501,QUIMPAC S.A.,QUIMPAC,5856840.0,34800000.0,1,1,1,1,34800.0,30455568.0,Fertilizantes,False
20100141583,FARMEX S A,FARMEX S A,4478671.678,515070.867,60,2,10,11,515.070867,23289092.725600004,Agroquimicos,False
20134294303,MAXAM PERU S.A.C.,MAXAM PERU,4191429.738,8006800.0,4,2,3,3,8006.8,21795434.637599997,Fertilizantes,True
20101637221,HORTUS S A,HORTUS S A,3226682.312,718763.8,88,2,10,6,718.7638000000001,16778748.0224,Agroquimicos,False
20502344367,POINT ANDINA S.A.,POINT ANDINA,2814785.819,223838.242,56,1,10,4,223.838242,14636886.2588,Agroquimicos,False
20191503482,SILVESTRE PERU S.A.C.,SILVESTRE PERU,2680245.387,577682.871,104,3,10,7,577.6828710000001,13937276.012400001,Agroquimicos,False
20100257298,ARIS INDUSTRIAL S.A.,ARIS INDUSTRIAL,2460347.1380000003,311256.12,23,1,7,3,311.25612,12793805.117600001,Agroquimicos,False
20498412727,AGP SOCIEDAD ANONIMA CERRADA,AGP,2368089.111,584028.2660000001,102,1,10,10,584.028266,12314063.3772,Semillas,False
20262786511,DROKASA PERU S.A.,DROKASA PERU,2185123.587,701048.3,60,2,7,7,701.0483,11362642.652399998,Agroquimicos,False
20514184331,INTEROC SOCIEDAD ANONIMA,INTEROC,2086352.926,418059.381,49,4,10,4,418.059381,10849035.2152,Agroquimicos,True
20251357413,E & M S.R.L.,E & M,1828845.23,2670300.0,10,3,5,4,2670.3,9509995.195999999,Fertilizantes,True
20549455078,NEXXT SAC,NEXXT,1706327.04,255949.0,43,1,5,1,255.949,8872900.608,Agroquimicos,False
20600174020,"SUMMIT AGRO SOUTH AMERICA SPA, SUCURSAL","SUMMIT AGRO SOUTH AMERICA SPA, SUCURSAL",1666598.1090000002,150089.21000000002,11,1,5,5,150.08921,8666310.1668,Agroquimicos,False
20100180210,FARMAGRO S A,FARMAGRO S A,1652858.699,535117.32,56,3,9,5,535.11732,8594865.2348,Agroquimicos,False
20392664310,SQM COMERCIAL PERÚ S.A.C.,SQM COMERCIAL PERÚ,1648547.71,2559000.0,10,3,6,3,2559.0,8572448.092,Fertilizantes,True
20603105894,RAINBOW PERÚ S.A.C.,RAINBOW PERÚ,1639845.069,253624.84,92,2,4,2,253.62484,8527194.3588,Agroquimicos,False
20509089923,NEOAGRUM S.A.C.,NEOAGRUM,1571132.319,379134.6,65,3,10,2,379.1346,8169888.058799999,Agroquimicos,False
20610852743,AG TEN SOCIEDAD ANONIMA CERRADA,AG TEN,1559992.5,205783.0,16,1,3,2,205.783,8111961.0,Agroquimicos,False
20100006376,BASF PERUANA S A,BASF PERUANA S A,1514022.17,107705.52,21,1,6,5,107.70552,7872915.284,Agroquimicos,False
20513481927,SOLUCIONES TECNICAS DEL AGRO S.A.C.,SOLUCIONES TECNICAS DEL AGRO,1445987.24,959053.3,23,4,8,6,959.0533,7519133.647999999,Agroquimicos,True
20535703214,AVGUST PERU S.A.C.,AVGUST PERU,1320979.326,188188.87099999998,51,2,9,4,188.18887099999998,6869092.4952,Agroquimicos,False
20100316138,SERVICIOS Y FORMULACIONES INDUSTRIALES S,SERVICIOS Y FORMULACIONES INDUSTRIALES S,1302374.5050000001,157880.8,20,3,8,8,157.8808,6772347.426,Agroquimicos,False
20512122311,FERTILIZANTES DEL SUR SOCIEDAD ANONIMA C,FERTILIZANTES DEL SUR SOCIEDAD ANONIMA C,1193417.5,2296050.0,16,2,7,5,2296.05,6205771.0,Fertilizantes,True
20507141791,DISAN PERU S.A,DISAN PERU,1137158.616,1732652.0,29,5,9,7,1732.652,5913224.803199999,Fertilizantes,False
20530897983,PERU PRODUCTOS AGRICOLAS SAC,PERU PRODUCTOS AGRICOLAS,1108773.88,498485.405,38,3,7,5,498.485405,5765624.176,Agroquimicos,False
20391043851,ASOCIACION DE PRODUCTORES DE CITRICOS DE,ASOCIACION DE PRODUCTORES DE CITRICOS DE,1106512.87,390386.8,48,3,7,5,390.3868,5753866.924000001,Agroquimicos,False
20554708049,CROP BUSINESS S.A.C.,CROP BUSINESS,1054753.328,183798.18,28,2,7,3,183.79818,5484717.305600001,Agroquimicos,False
20464265504,FERROSALT S.A.,FERROSALT,1015482.0,1310200.0,7,2,4,3,1310.2,5280506.399999999,Fertilizantes,False
20601198925,PRODUCTOS SUPERIORES PARA UVA S.A.C.,PRODUCTOS SUPERIORES PARA UVA,997772.223,357430.0,88,1,6,1,357.43,5188415.559599999,Agroquimicos,False
20520757423,CYTOPERU SOCIEDAD ANONIMA CERRADA,CYTOPERU,953124.1630000001,207235.65,22,4,7,4,207.23565,4956245.647600001,Agroquimicos,False
20603903359,SILVESTRE INTERNATIONAL COMPANY S.A.C.,SILVESTRE INTERNATIONAL COMPANY,859955.758,107508.95999999999,42,1,6,2,107.50895999999999,4471769.9416000005,Agroquimicos,False
20513272848,AGRITOP S.A.C.,AGRITOP,827251.34,92339.32,13,3,5,4,92.33932,4301706.967999999,Fertilizantes,False
20601901138,AGROFRESH COMERCIAL PERU S.A.C.,AGROFRESH COMERCIAL PERU,810511.25,161736.48,13,1,3,2,161.73648,4214658.5,Agroquimicos,False
20523618939,CAPEAGRO S.A.C.,CAPEAGRO,765806.6869999999,68883.1,23,1,3,1,68.8831,3982194.7723999997,Agroquimicos,False
20602674127,GAT PERU S.A.C.,GAT PERU,749466.3400000001,766800.0,4,2,3,3,766.8,3897224.9680000003,Fertilizantes,False
20511712174,SEMILLAS AGRARIAS S.A.C.,SEMILLAS AGRARIAS,716972.163,1272.8539999999998,20,1,3,10,1.2728539999999997,3728255.2476,Semillas,False
20100182263,MONTANA S A,MONTANA S A,712425.146,38261.0,22,2,6,3,38.261,3704610.7591999997,Agroquimicos,False
20459424734,ALABAMA S.A.,ALABAMA,690423.961,26174.19,61,4,9,14,26.17419,3590204.5971999997,Semillas,False
20536466119,AGRIPAC PERU S.A.C.,AGRIPAC PERU,668498.575,242272.774,28,4,5,4,242.272774,3476192.59,Agroquimicos,True
20537559927,OSKU PERU SOCIEDAD ANONIMA CERRADA - OSK,OSKU PERU SOCIEDAD ANONIMA CERRADA - OSK,651257.857,105060.412,13,1,3,1,105.060412,3386540.8563999995,Agroquimicos,False
20337935029,INDUSTRIA TECNOLOGICA AGRICOLA DEL PERU,INDUSTRIA TECNOLOGICA AGRICOLA DEL PERU,594200.9060000001,92839.0,19,1,8,2,92.839,3089844.7112000007,Agroquimicos,False
20506885851,BIOTECNIA DAYMSA DE PERU S.A.C.,BIOTECNIA DAYMSA DE PERU,572348.264,106790.0,18,3,3,1,106.79,2976210.9728,Fertilizantes,False
20606926465,NGC AGROSCIENCES PERU SOCIEDAD ANONIMA C,NGC AGROSCIENCES PERU SOCIEDAD ANONIMA C,555186.8709999999,25995.56,27,1,2,1,25.99556,2886971.7292,Agroquimicos,False
20610063587,COMPO EXPERT PERU S.R.L,COMPO EXPERT PERU,553505.672,394530.0,9,3,5,3,394.53,2878229.4944,Fertilizantes,True
20429240752,ASOCIACION DE PRODUCTORES Y EXPORTADORES,ASOCIACION DE PRODUCTORES Y EXPORTADORES,508730.35,54012.83,20,3,5,2,54.01283,2645397.82,Agroquimicos,False
20544011759,SURAGRA S.A.C.,SURAGRA,508493.97,138759.42,14,1,6,1,138.75942,2644168.644,Agroquimicos,False
20101077099,MANUCHAR PERU S.A.C.,MANUCHAR PERU,502762.74,1020000.0,6,3,4,3,1020.0,2614366.2479999997,Fertilizantes,True
20504024289,NATURAGRO S.A,NATURAGRO,479525.847,93313.304,17,3,5,3,93.313304,2493534.4044,Fertilizantes,False
20421278769,FERTILIZACION TECNICA S.A.,FERTILIZACION TECNICA,475122.859,69378.0,16,2,4,2,69.378,2470638.8668,Fertilizantes,True
20562838971,FUTURECO BIOSCIENCE PERU S.A.C.,FUTURECO BIOSCIENCE PERU,474451.192,56151.1,17,4,5,1,56.1511,2467146.1984,Fertilizantes,True
20606355778,CORPORACION INKAL S.A.C.,CORPORACION INKAL,472301.573,94488.0,14,2,2,1,94.488,2455968.1796,Fertilizantes,False
20100331285,ILENDER PERU S.A,ILENDER PERU,472160.15300000005,12154.33,10,1,2,2,12.15433,2455232.7956000003,Agroquimicos,False
20613317661,GENAGRO S.A.,GENAGRO,469298.35000000003,112251.0,17,1,6,1,112.251,2440351.4200000004,Agroquimicos,False
20607923303,WÖHLER CORPORATION S.A.C.,WÖHLER CORPORATION,458086.941,616063.564,4,2,3,2,616.063564,2382052.0932,Fertilizantes,True
20601783267,INRO REPRESENTACIONES SOCIEDAD ANONIMA C,INRO REPRESENTACIONES SOCIEDAD ANONIMA C,447982.99199999997,18030.486,5,1,4,3,18.030486,2329511.5583999995,Agroquimicos,False
20610390341,REITER PERUVIAN BERRY S.A.,REITER PERUVIAN BERRY,434377.06,148299.122,9,2,2,2,148.299122,2258760.712,Fertilizantes,False
20608966901,COMAGRO PERU S.A.C.,COMAGRO PERU,433956.409,122006.857,14,2,5,2,122.006857,2256573.3268,Fertilizantes,False
20610784314,AMINOCHEM PERU S.A.C.,AMINOCHEM PERU,427981.791,427359.5,13,1,4,1,427.3595,2225505.3132,Fertilizantes,False
20170040938,DANPER TRUJILLO S.A.C.,DANPER TRUJILLO,394909.5,60.498999999999995,4,1,2,3,0.060499,2053529.4,Semillas,False
20503455219,ASOCIACION DE PRODUCTORES DE UVA DE MESA,ASOCIACION DE PRODUCTORES DE UVA DE ME,381853.05000000005,4139.0,2,1,1,1,4.139,1985635.8600000003,Agroquimicos,False
20513013826,TALEX PERU SOCIEDAD ANONIMA CERRADA,TALEX PERU,381447.0,50106.0,6,1,3,4,50.106,1983524.4,Agroquimicos,False
20603646275,ONE CHEMICAL COMPANY S.A.C.,ONE CHEMICAL COMPANY,380445.921,81746.24,24,1,2,1,81.74624,1978318.7891999998,Agroquimicos,False
20503496161,PHARTEC S.A.C.,PHARTEC,371735.676,107495.0,15,2,4,2,107.495,1933025.5151999998,Agroquimicos,False
20603666322,SANIVEG PERU S.A.C.,SANIVEG PERU,355127.634,43488.8,11,1,3,1,43.488800000000005,1846663.6968000003,Agroquimicos,False
20534516674,BLAND FARMS (PERU) S.A.C.,BLAND FARMS (PERU),340300.0,503.06999999999994,3,1,1,1,0.5030699999999999,1769560.0,Semillas,False
20477464263,NOVAGRO-AG S.A.C.,NOVAGRO-AG,310512.42,50169.2,10,1,3,2,50.1692,1614664.5839999998,Agroquimicos,False
20503243971,ORGANIC VEGETABLES S.A.C.,ORGANIC VEGETABLES,309526.05,2649.3070000000002,24,1,2,5,2.6493070000000003,1609535.46,Semillas,False
20196722808,STOLLER PERU S.A.,STOLLER PERU,305281.6,67763.0,6,2,3,2,67.763,1587464.3199999998,Agroquimicos,False
20518798481,PROVEEDORES DIRECTOS S.A.,PROVEEDORES DIRECTOS,293311.0,255338.0,5,1,4,1,255.338,1525217.2,Agroquimicos,False
20512100261,BIOQUIMICA AGRICOLA DEL PERU S.A.C.,BIOQUIMICA AGRICOLA DEL PERU,279808.8,40161.520000000004,7,1,3,1,40.16152,1455005.7599999998,Agroquimicos,False
20511906530,SEMILLAS DEL MUNDO S.A.C.,SEMILLAS DEL MUNDO,277176.712,153.099,16,1,4,5,0.15309899999999999,1441318.9024,Semillas,False
20614099896,ECF BIOESTIMULACION Y PROTECCION VEGETAL,ECF BIOESTIMULACION Y PROTECCION VEGETAL,255141.349,49845.0,28,3,1,1,49.845,1326735.0147999998,Fertilizantes,False
20600039424,PERU FERTIL E.I.R.L.,PERU FERTIL,246954.3,76393.06,13,1,4,1,76.39305999999999,1284162.36,Agroquimicos,False
20510274009,ECOLAB PERU HOLDINGS S.R.L.,ECOLAB PERU HOLDINGS,236246.963,61018.964,27,3,7,4,61.018964,1228484.2076,Agroquimicos,True
20386825042,S.C. JOHNSON & SON DEL PERU S.A.,S.C. JOHNSON & SON DEL PERU,235352.152,70478.564,39,2,7,3,70.47856399999999,1223831.1904,Agroquimicos,False
20606302968,AGROBIOSOLUTION PERU S.A.C.,AGROBIOSOLUTION PERU,234712.145,40073.0,9,2,3,3,40.073,1220503.1539999999,Fertilizantes,False
20609199718,HELIOPOTASSE LATAM SOCIEDAD ANONIMA CERR,HELIOPOTASSE LATAM SOCIEDAD ANONIMA CERR,224405.58000000002,253300.0,3,2,3,3,253.3,1166909.016,Fertilizantes,True
20426138868,SUMINISTROS AVICOLAS S.A.C.,SUMINISTROS AVICOLAS,213771.71,41936.25,6,1,5,2,41.93625,1111612.892,Agroquimicos,False
20610564004,PROINECO PERU SOCIEDAD ANONIMA CERRADA -,PROINECO PERU,210883.331,248311.079,18,3,3,1,248.311079,1096593.3212,Fertilizantes,True
20517521044,DESARROLLO TECNICO VEGETAL SAC   -  DT -,DESARROLLO TECNICO VEGETAL SAC - DT,209436.0,55058.68,19,4,5,2,55.05868,1089067.2,Agroquimicos,False
20120966741,RIVERA DISTRIBUCIONES E.I.R.L,RIVERA DISTRIBUCIONES,207277.0,32500.0,3,1,2,1,32.5,1077840.4000000001,Semillas,False
20546891012,BOZELT S.A.C,BOZELT,204000.85,270.347,78,1,3,11,0.270347,1060804.42,Semillas,False
20559660796,CONSORCIO OMNICROP S.A.C.,CONSORCIO OMNICROP,203815.142,46399.36,15,2,2,1,46.39936,1059838.7384,Agroquimicos,False
20459277332,QUIAGRAL S.A.C.,QUIAGRAL,200787.901,135200.0,5,3,4,3,135.2,1044097.0852000001,Fertilizantes,True
20605902872,REPRESENTACIONES Y PRODUCTOS PARA EL CAM,REPRESENTACIONES Y PRODUCTOS PARA EL CAM,193189.239,42461.86,15,2,2,1,42.46186,1004584.0428,Fertilizantes,False
20264846855,CLOROX PERU S.A.,CLOROX PERU,192124.344,141919.343,16,1,7,4,141.919343,999046.5888000001,Agroquimicos,False
20606232021,KALIPTRA LIFE S.A.C.,KALIPTRA LIFE,190958.2,12575.0,7,1,2,1,12.575,992982.64,Agroquimicos,False
20494297206,SOCIEDAD AGRICOLA TIERRA S.A.C.,SOCIEDAD AGRICOLA TIERRA,190080.0,10560.0,1,1,1,1,10.56,988416.0,Fertilizantes,False
20523787293,ATLANTICA AGRICOLA PERU S.A.C.,ATLANTICA AGRICOLA PERU,181367.1,24103.0,7,2,3,1,24.103,943108.9199999999,Fertilizantes,False
20494567351,EXPLOSIVOS DEL SUR S.A.,EXPLOSIVOS DEL SUR,180078.0,144000.0,3,1,3,1,144.0,936405.6,Fertilizantes,True
20100860351,DROCERSA S.A - DROCERSA,DROCERSA S.A - DROCER,178889.262,270500.0,5,2,4,2,270.5,930224.1623999999,Fertilizantes,True
20515946498,GLOBAL ORGANICS PERU SAC,GLOBAL ORGANICS PERU,175963.392,23040.0,1,1,1,1,23.04,915009.6383999999,Agroquimicos,False
No Disponib,No Disponible - Ley  29733,NO DISPONIBLE - LEY 29733,174753.787,119636.94,12,3,6,3,119.63694,908719.6924,Fertilizantes,True
20601392101,BIO CROPS PERU S.A.C.,BIO CROPS PERU,172800.0,13149.9,1,1,1,1,13.149899999999999,898560.0,Agroquimicos,False
20176770474,CORPORACION AGROLATINA S.A.C.,CORPORACION AGROLATINA,169711.021,140000.0,1,1,1,1,140.0,882497.3092,Otro,False
20525119689,NOVALTY S.A.C,NOVALTY,167530.0,28110.0,4,2,2,1,28.11,871156.0,Fertilizantes,False
20125585036,SEMILLERIA MANRIQUE S.R.L.,SEMILLERIA MANRIQUE,165259.741,7646.0,62,1,2,5,7.646,859350.6532,Semillas,False
20519633001,IMPORT EXPORT YOMAR S.A.C.,IMPORT EXPORT YOMAR,164401.501,72885.0,10,1,4,1,72.885,854887.8052,Agroquimicos,False
20600708997,TRAPANI CULTIVARES PERU SAC,TRAPANI CULTIVARES PERU,164200.0,47268.0,2,1,2,1,47.268,853840.0,Agroquimicos,False
20602915027,DVA PERU S.A.C,DVA PERU,161879.22699999998,21188.942,16,1,1,1,21.188942,841771.9804,Fertilizantes,False
20607807362,AGRITEP PERU S.A.C.,AGRITEP PERU,161546.6,21334.63,12,1,3,1,21.33463,840042.32,Agroquimicos,False
20572118496,AGRONEGOCIOS PAMPA BONITA S.A.C.,AGRONEGOCIOS PAMPA BONITA,161420.0,35410.0,1,1,1,1,35.41,839384.0,Agroquimicos,False
20606666111,DEMETRA GROUP S.A.C.,DEMETRA GROUP,161230.697,17654.14,7,1,2,2,17.654139999999998,838399.6243999999,Agroquimicos,False
20110200201,QUIMTIA S.A.,QUIMTIA,159312.19,113680.0,6,1,3,2,113.68,828423.388,Agroquimicos,False
20100147514,"SOUTHERN PERU COPPER CORPORATION, SUCURS","SOUTHERN PERU COPPER CORPORATION, SUCURS",155264.08000000002,18001.166,2,2,2,2,18.001166,807373.216,Agroquimicos,False
20538140776,FINKA S.A.C,FINKA,153650.87,43203.0,6,1,2,1,43.203,798984.524,Fertilizantes,False
20501549801,FERCO MEDICAL S.A.C.,FERCO MEDICAL,150146.074,39820.405,15,1,7,5,39.820405,780759.5848,Agroquimicos,False
20106522783,INVERSIONES VETERINARIAS S.A.,INVERSIONES VETERINARIAS,143416.204,32384.598,6,1,4,4,32.384598000000004,745764.2608,Agroquimicos,False
20100073723,CORPORACION PERUANA DE PRODUCTOS QUIMICO,CORPORACION PERUANA DE PRODUCTOS QUIMICO,140569.41,117600.109,16,1,3,2,117.600109,730960.932,Agroquimicos,False
20531390866,INVERSIONES SANTA TERESITA EIRL,INVERSIONES SANTA TERESITA,138441.89,11593.69,2,1,2,1,11.59369,719897.8280000001,Agroquimicos,False
20507883266,MEDISPEC PERU S.A.C.,MEDISPEC PERU,134619.422,26846.917,12,1,2,2,26.846917,700020.9944,Agroquimicos,False
20522145131,TATTERSALL PERU S.A,TATTERSALL PERU,125641.83099999999,4845.7429999999995,3,2,2,3,4.845743,653337.5212,Otro,False
20112302370,NOVOLIZ S.A.,NOVOLIZ,124000.0,210.39,2,1,1,1,0.21039,644800.0,Semillas,False
20611542721,GRUPO BIOTECH S.A.C.,GRUPO BIOTECH,121794.0,16994.0,5,1,1,1,16.994,633328.7999999999,Agroquimicos,False
20557961659,ISDIN PERU S.A.C.,ISDIN PERU,121649.486,1178.2259999999999,11,1,5,1,1.178226,632577.3271999999,Otro,False
20600173791,AGROMEGA PERU S.A.C.,AGROMEGA PERU,121310.0,20710.0,9,1,1,1,20.71,630812.0,Fertilizantes,False
20614843188,HOLDING UGARTE S.A.C,HOLDING UGARTE,118120.0,141000.0,4,1,3,1,141.0,614224.0,Fertilizantes,True
20454993757,TU SEMILLA E.I.R.L.,TU SEMILLA,116410.67,215.355,33,1,5,8,0.215355,605335.4839999999,Semillas,False
20609421763,COPEFERT SOCIEDAD ANONIMA CERRADA,COPEFERT,116312.0,252000.0,3,1,3,1,252.0,604822.4,Fertilizantes,True
20606820501,INNOVAGRO BIOSCIENCE S.A.C.,INNOVAGRO BIOSCIENCE,115846.098,10013.44,8,1,1,1,10.013440000000001,602399.7096000001,Agroquimicos,False
20448526837,IMPORTACION Y EXPORTACION HUGUIÑO E.I.R.,IMPORTACION Y EXPORTACION HUGUIÑO E.I.R,114200.0,372000.0,9,1,6,1,372.0,593840.0,Fertilizantes,True
20127508543,IMPORTACIONES  SIU S.R.LTDA,IMPORTACIONES SIU S.R.LTDA,111457.9,101621.5,4,1,2,1,101.6215,579581.08,Agroquimicos,False
20601596301,TRICAL PERU S.A.C.,TRICAL PERU,110743.94,17128.89,2,1,1,1,17.12889,575868.488,Agroquimicos,False
20266614803,DIVERSEY PERU S.A.C,DIVERSEY PERU,109433.389,50880.0,5,1,3,2,50.88,569053.6227999999,Agroquimicos,False
20611114428,NEGOCIOS AGRICOLAS SUR NORTE S.A.C.,NEGOCIOS AGRICOLAS SUR NORTE,109350.0,165.195,1,1,1,1,0.16519499999999998,568620.0,Semillas,False
20611548355,QUIMAS PERU SOCIEDAD ANONIMA CERRADA,QUIMAS PERU,107419.92,18684.1,7,1,1,1,18.684099999999997,558583.584,Agroquimicos,False
20612478695,NEGOSERVIS COMERCIAL E.I.R.L.,NEGOSERVIS COMERCIAL,105900.0,345000.0,8,1,5,1,345.0,550680.0,Fertilizantes,True
20609500400,AGRI TECHNOVATION PERU SOCIEDAD ANONIMA,AGRI TECHNOVATION PERU,105306.15,102900.0,5,2,2,1,102.9,547591.98,Fertilizantes,False
20108772884,COMERCIAL ANDINA INDUSTRIAL S.A.C,COMERCIAL ANDINA INDUSTRIAL,102424.65,20105.56,7,1,2,1,20.10556,532608.18,Agroquimicos,False
20511686238,HORTISEMILLAS S.A.C.,HORTISEMILLAS,101923.969,660.802,28,1,3,6,0.660802,530004.6388,Semillas,False
20608415042,SEMILLERA VALLEY S.A.C.,SEMILLERA VALLEY,101602.55,180.2,12,1,4,3,0.1802,528333.26,Semillas,False
20605088822,ENCIPHARM PERU S.A.C.,ENCIPHARM PERU,101354.58,24144.0,8,1,1,1,24.144,527043.816,Agroquimicos,False
20608089102,RSQ AGRO S.A.C.,RSQ AGRO,99598.8,38003.2,4,3,2,3,38.0032,517913.76000000007,Agroquimicos,False
20480370971,BIONOVA GROUP EMPRESA INDIVIDUAL DE RESP,BIONOVA GROUP EMPRESA INDIVIDUAL DE RESP,98693.6,6793.0,6,2,1,1,6.793,513206.72000000003,Fertilizantes,False
20600574443,ECO NEOAGROX S.A.C.,ECO NEOAGROX,97317.527,16622.807,32,3,5,1,16.622807,506051.14040000003,Fertilizantes,False
20524574161,BIOGROW PERU S.A.C.,BIOGROW PERU,93500.781,15650.0,2,1,2,1,15.65,486204.06120000005,Agroquimicos,False
20277131570,L Y B SERVIC Y NEGOCIOS GRLES E.I.R.LTDA,L Y B SERVIC Y NEGOCIOS GRLES E.I.R.LTDA,93492.0,120000.0,1,1,1,1,120.0,486158.4,Fertilizantes,False
20547210728,MARCAS DE ORO SOCIEDAD ANONIMA CERRADA,MARCAS DE ORO,92307.911,27184.447,13,2,2,1,27.184447,480001.13719999994,Otro,False
20609016869,IMPORTADORA Y EXPORTADORA JESUS S.A.C.,IMPORTADORA Y EXPORTADORA JESUS,91460.0,285000.0,6,1,5,1,285.0,475592.0,Fertilizantes,True
20325117835,SOCIEDAD AGRICOLA DROKASA S.A.,SOCIEDAD AGRICOLA DROKA,87237.73,155.0,1,1,1,1,0.155,453636.19599999994,Semillas,False
20331066703,INRETAIL PHARMA S.A.,INRETAIL PHARMA,85982.4,40944.0,2,1,1,1,40.944,447108.48,Agroquimicos,False
20521293463,LABORATORIOS VETERINARIOS GAMMAVET S.A.C,LABORATORIOS VETERINARIOS GAMMAVET,85063.194,12932.0,6,1,2,1,12.932,442328.60880000005,Agroquimicos,False
20100148081,INTERNATIONAL COMMERCE COMPANY S.A.C.,INTERNATIONAL COMMERCE COMPANY,84640.2,16568.0,2,1,1,1,16.568,440129.04000000004,Agroquimicos,False
20515010476,SMC CORPORATION S.A.C.,SMC CORPORATION,84517.277,23415.923000000003,5,1,1,1,23.415923000000003,439489.8404,Otro,False
20600576039,HANSEANDINA PERU S.R.L.,HANSEANDINA PERU,83590.96,2450.0,1,1,1,1,2.45,434672.9920000001,Agroquimicos,False
20522859096,ANTESIS GROUP S.A.C.,ANTESIS GROUP,82417.702,17065.0,23,1,1,1,17.065,428572.05040000007,Fertilizantes,False
20601438403,ENLASA PERU S.A.C.,ENLASA PERU,82197.5,167394.0,15,2,3,1,167.394,427427.0,Fertilizantes,False
20523282841,KRETE INDUSTRIAL SOCIEDAD ANONIMA CERRAD,KRETE INDUSTRIAL SOCIEDAD ANONIMA CERRAD,78036.764,17200.0,4,2,1,1,17.2,405791.17279999994,Otro,False
20613746511,FERTILIZANTES DEL PACIFICO - PERÚ S.A.C.,FERTILIZANTES DEL PACIFICO - PERÚ,77358.269,20348.0,8,3,2,1,20.348,402262.9988,Fertilizantes,False
20100311331,PISAPIG'S S A,PISAPIG'S S A,76353.2,5311.37,5,1,2,1,5.31137,397036.64,Agroquimicos,False
20507447369,INDUSTRIAS CACHIMAYO S.A.,INDUSTRIAS CACHIMAYO,76300.0,40000.0,1,1,1,1,40.0,396760.0,Otro,False
20600672631,CROPS PROTECTION S.A.C.,CROPS PROTECTION,75693.0,28010.0,4,2,2,1,28.01,393603.60000000003,Agroquimicos,True
20610314679,360 SMART AGRO S.A.C.,360 SMART AGRO,75563.0,10245.0,2,1,1,1,10.245,392927.60000000003,Fertilizantes,False
20548112509,ZOETIS S.R.L.,ZOETIS,72129.093,9611.0,2,1,2,2,9.611,375071.28359999997,Agroquimicos,False
20255361695,LABORATORIOS AMERICANOS S.A.,LABORATORIOS AMERICANOS,70733.38,25844.5,4,1,2,1,25.8445,367813.57600000006,Otro,False
20509165611,JP INCUBATOR S.R.L.,JP INCUBATOR,67970.001,5168.0,7,1,3,2,5.168,353444.0052,Agroquimicos,False
20481450510,NETAFIM PERU S.A.C.,NETAFIM PERU,66416.75,2516.39,18,3,6,1,2.51639,345367.10000000003,Otro,False
20608519221,INAGROUP BIOTECH PERU S.A.C.,INAGROUP BIOTECH PERU,65722.762,24668.882999999998,22,2,2,1,24.668882999999997,341758.3624,Fertilizantes,False
20419922391,ALLTECHNOLOGY PERU S.R.L,ALLTECHNOLOGY PERU,64798.969,12672.0,1,1,1,1,12.672,336954.63879999996,Fertilizantes,True
20513511770,SOBITEC PERU S.A.C.,SOBITEC PERU,64593.0,25800.0,4,1,1,1,25.8,335883.60000000003,Agroquimicos,False
20613639757,PERUN COMMODITIES S.A.C.,PERUN COMMODITIES,63368.0,21200.0,2,1,1,1,21.2,329513.60000000003,Fertilizantes,False
20100177341,PRODUCTOS ROCHE Q F S A,PRODUCTOS ROCHE Q F S A,63339.539000000004,83.457,17,1,7,1,0.08345699999999999,329365.6028,Otro,False
20566475899,ADN CHEMICALS AND MACHINERY S.A.C. - ADN,ADN CHEMICALS AND MACHINERY S.A.C. - ADN,63163.882,4836.0,2,1,1,1,4.836,328452.18639999995,Agroquimicos,False
20610621121,AGRIPEC S.A.C.,AGRIPEC,62921.015,9126.377,5,2,2,2,9.126377,327189.278,Semillas,False
20100018625,MEDIFARMA S A,MEDIFARMA S A,62135.17,21000.0,1,1,1,1,21.0,323102.88399999996,Fertilizantes,False
20413940568,EMBOTELLADORA SAN MIGUEL DEL SUR S.A.C.,EMBOTELLADORA SAN MIGUEL DEL SUR,60450.0,400.0,2,1,2,1,0.4,314340.0,Agroquimicos,False
20140466663,AGRO FERRETERA SANTA ANITA EIRL AFERSA,AGRO FERRETERA SANTA ANITA EIRL AFER,59805.0,25251.0,1,1,1,1,25.251,310986.0,Agroquimicos,False
20606495081,CIA LLOCLLA S.A.C.,CIA LLOCLLA,58788.0,25748.0,4,1,1,1,25.748,305697.60000000003,Agroquimicos,False
20610325506,ORGANITECH PERU S.A.C.,ORGANITECH PERU,58070.0,10800.0,2,2,1,1,10.8,301964.0,Fertilizantes,False
20554387498,COMERCIALIZADORA DE INSUMOS SANTA ANGELI,COMERCIALIZADORA DE INSUMOS SANTA ANGELI,57400.0,80000.0,1,1,1,1,80.0,298480.0,Fertilizantes,True
20372983796,KEYPERU S.A.,KEYPERU,57375.0,121.763,1,1,1,1,0.12176300000000001,298350.0,Semillas,False
20100281245,ANDERS PERU S.A.C.,ANDERS PERU,57323.885,37448.5,12,2,3,2,37.4485,298084.202,Agroquimicos,True
20604798818,CINNAMON S.A.C.,CINNAMON,57000.0,5010.395,5,1,3,2,5.010395000000001,296400.0,Agroquimicos,False
20552690410,POWER SEEDS S.A.C,POWER SEEDS,55976.5,220.0,3,1,2,2,0.22,291077.8,Semillas,False
20100312736,MERCANTIL S A,MERCANTIL S A,54217.016,31600.0,7,1,4,2,31.6,281928.4832,Agroquimicos,False
20604995605,CONSULTORIA Y DESARROLLO AGRICOLA S.A.C.,CONSULTORIA Y DESARROLLO AGRICOLA,53910.0,10511.75,4,1,1,1,10.51175,280332.0,Fertilizantes,False
20600293444,IMPORTACIONES RAYGAS S.A.C.,IMPORTACIONES RAYGAS,51941.119999999995,1504.108,2,1,1,1,1.504108,270093.82399999996,Otro,False
20424371581,SOQUITEX ING. S.R.LTDA,SOQUITEX ING. S.R.LTDA,51752.8,24000.0,1,1,1,1,24.0,269114.56000000006,Otro,False
20440492798,SUMINISTROS INDUSTRIALES S.A.C.,SUMINISTROS INDUSTRIALES,51475.0,5500.0,4,1,1,1,5.5,267670.0,Fertilizantes,False
20602659161,EBUSUS AGRO SOCIEDAD ANONIMA CERRADA,EBUSUS AGRO,50870.32,16050.0,9,1,3,2,16.05,264525.664,Fertilizantes,False
20610792953,PANTHER ENERGY TRADER S.A.C.,PANTHER ENERGY TRADER,50172.0,22464.649999999998,5,1,1,1,22.46465,260894.4,Agroquimicos,False
20100791871,COMPAÑIA QUIMICA INDUSTRIAL S.R.LTDA,COMPAÑIA QUIMICA INDUSTRIAL S.R.LTDA,49652.56,48000.0,2,1,1,1,48.0,258193.31199999998,Fertilizantes,True
20191338856,PTC S.A.C,PTC,49260.0,140000.0,2,1,1,1,140.0,256152.0,Fertilizantes,False
20547485824,VALECA S.A.C.,VALECA,48295.44,27062.1,1,1,1,1,27.062099999999997,251136.288,Agroquimicos,False
20468261082,ADISENS SOCIEDAD ANONIMA CERRADA-ADISENS,ADISENS SOCIEDAD ANONIMA CERRADA-ADISENS,47917.91,956.6,7,1,3,1,0.9566,249173.132,Agroquimicos,False
20602552498,FARM CROP S.A.C.,FARM CROP,46665.662,8975.4,4,1,1,1,8.9754,242661.44239999997,Agroquimicos,False
20565861051,NAVARRO Y CIA.PERU S.A.C.,NAVARRO Y CIA.PERU,46660.311,21000.0,2,1,1,1,21.0,242633.6172,Fertilizantes,False
20268784625,PROCAMPO SA,PROCAMPO,45575.62,8555.279999999999,2,2,2,2,8.555279999999998,236993.224,Agroquimicos,False
20100639654,CONSORCIO AGROPECUARIO AMERICANO S.A.C,CONSORCIO AGROPECUARIO AMERICANO,44720.72,21240.992,14,3,2,1,21.240992,232547.744,Fertilizantes,False
20606012391,GRUPO ALICROP PERU S.A.C.,GRUPO ALICROP PERU,44574.72,100000.0,3,1,2,2,100.0,231788.544,Fertilizantes,False
20555611332,SLIM NEGOCIOS PERUANOS S.A.C.,SLIM NEGOCIOS PERUANOS,43712.0,25760.0,2,1,1,1,25.76,227302.4,Agroquimicos,False
20602318223,INSUMOS & SOLUCIONES AGRICOLAS S.A.C,INSUMOS & SOLUCIONES AGRICOLAS,42890.0,26000.0,1,1,1,1,26.0,223028.0,Fertilizantes,False
20606552883,LABORATORIO FITO NUTRICIONAL S.A.C.,LABORATORIO FITO NUTRICIONAL,42440.0,8500.0,2,2,2,1,8.5,220688.0,Agroquimicos,False
20609014963,AGROVECA PERU S.A.C.,AGROVECA PERU,42346.630000000005,20000.0,10,2,1,1,20.0,220202.47600000002,Fertilizantes,False
20504973990,SOLUCIONES VETERINARIAS S.A.C.,SOLUCIONES VETERINARIAS,41580.53,14372.97,5,1,3,1,14.372969999999999,216218.756,Agroquimicos,False
20440447491,NATURAGRO EMPRESA INDIVIDUAL DE RESPONSA,NATURAGRO EMPRESA INDIVIDUAL DE RESPON,39415.4,18090.0,1,1,1,1,18.09,204960.08,Fertilizantes,False
20113186730,QUIMICA NAVA S.A.C.,QUIMICA NAVA,38720.64,18000.0,1,1,1,1,18.0,201347.32799999998,Otro,False
20614239566,ZHONGXUN AGRICULTURAL SCIENCE PERU S.A.C,ZHONGXUN AGRICULTURAL SCIENCE PERU,38677.2,22044.0,1,1,1,1,22.044,201121.44,Agroquimicos,False
20519320305,BLENDING S.A.C.,BLENDING,38298.46,40000.0,1,1,1,1,40.0,199151.992,Fertilizantes,True
20100123763,CETCO S.A.,CETCO,38008.601,762.0,2,1,2,1,0.762,197644.72520000002,Agroquimicos,False
20552892390,IMCD PERÚ S.R.L.,IMCD PERÚ,37830.0,27040.0,4,1,2,1,27.04,196716.0,Agroquimicos,False
20402641241,DISTRIBUIDORA AGROPECUARIA Y SERVICIOS E,DISTRIBUIDORA AGROPECUARIA Y SERVICIOS E,37200.0,24000.0,1,1,1,1,24.0,193440.0,Semillas,False
20392064550,CORPORACION ROOTS S.A.,CORPORACION ROOTS,37086.333,1.474,32,1,1,3,0.001474,192848.9316,Semillas,False
20606768215,IMPORTACIONES D¿LUCAS S.A.C.,IMPORTACIONES D¿LUCAS,36911.88,44275.0,3,1,2,1,44.275,191941.77599999998,Agroquimicos,False
20614371588,FERTIAMERICA PERU S.A.C.,FERTIAMERICA PERU,36270.0,200000.0,1,1,1,1,200.0,188604.0,Fertilizantes,True
20610883843,ULEXAGRO NUTRITION S.A.C.,ULEXAGRO NUTRITION,36235.09,37784.24,1,1,1,1,37.78424,188422.46799999996,Fertilizantes,False
20250406941,AGROVET MARKET S.A,AGROVET MARKET,35565.0,5632.433,4,1,2,1,5.632433,184938.0,Agroquimicos,False
20100051240,FCA PERUANA ETERNIT S A,FCA PERUANA ETERNIT S A,33880.0,44000.0,2,1,2,1,44.0,176176.0,Fertilizantes,False
20126500603,IMPORTACIONES CARMELITA DEL NORTE SOCIED,IMPORTACIONES CARMELITA DEL NORTE SOCIED,33835.1,26320.0,1,1,1,1,26.32,175942.52,Agroquimicos,False
20614857448,AGROALKIMIA SOCIEDAD ANONIMA CERRADA,AGROALKIMIA,33724.0,9178.2,10,2,1,1,9.1782,175364.80000000002,Fertilizantes,False
20607214655,OAS ORGANIC AGRICULTURE SUPPLIER S.A.C.,OAS ORGANIC AGRICULTURE SUPPLIER,33296.894,6695.434,2,1,1,1,6.6954340000000006,173143.8488,Otro,False
20372399687,MERCK SHARP & DOHME SALUD ANIMAL PERU S.,MERCK SHARP & DOHME SALUD ANIMAL PERU S,33045.077,874.0,1,1,1,1,0.874,171834.40039999998,Agroquimicos,False
20552349815,INVERSIONES AGRICOLAS OLMOS S.A.C.,INVERSIONES AGRICOLAS OLMOS,33014.39,5684.0,2,1,1,1,5.684,171674.82799999998,Agroquimicos,False
20543083454,ARATO PERU S.A.,ARATO PERU,32567.981,2075.0,2,1,2,1,2.075,169353.5012,Agroquimicos,False
20607046566,CCV BUSINESS E.I.R.L.,CCV BUSINESS,31900.36,4911.11,11,3,1,1,4.91111,165881.872,Otro,False
20603802081,AGROVET FLORES S.A.C,AGROVET FLORES,29976.84,14044.8,3,1,1,1,14.044799999999999,155879.568,Agroquimicos,False
20600529481,HFE BERRIES PERU S.A.C.,HFE BERRIES PERU,29354.914,3000.0,1,1,1,1,3.0,152645.5528,Fertilizantes,False
20611784423,CT (PR) MANUFACTURING S.A.C.,CT (PR) MANUFACTURING,28840.0,84000.0,2,1,1,1,84.0,149968.0,Fertilizantes,True
20520588486,DIVECENTER S.A.C.,DIVECENTER,28703.481,1328.434,10,2,4,4,1.328434,149258.1012,Otro,False
20613694421,INVERSIONES REMAND S.A.C.,INVERSIONES REMAND,28626.55,1932.5,17,1,1,3,1.9325,148858.06,Semillas,False
20216528141,PROSEMEDIC SOCIEDAD ANONIMA CERRADA,PROSEMEDIC,28266.058,3265.21,5,1,2,2,3.26521,146983.50160000002,Agroquimicos,False
20462793791,FRESENIUS MEDICAL CARE DEL PERU S.A.,FRESENIUS MEDICAL CARE DEL PERU,27770.6,18304.0,2,1,1,1,18.304,144407.12,Agroquimicos,False
20385521805,FLORISERT S.A.C.,FLORISERT,27267.13,1922.0,4,2,2,2,1.922,141789.076,Agroquimicos,False
20613406566,CORPORACION FOLSVITA ILLEMAS S.A.C.,CORPORACION FOLSVITA ILLEMAS,27192.46,3506.45,5,2,1,1,3.5064499999999996,141400.79200000002,Fertilizantes,True
20207190285,MATHIESEN PERU S.A.C.,MATHIESEN PERU,26485.73,27880.0,7,1,2,2,27.88,137725.796,Agroquimicos,False
20557960091,LEA PERU S.A.C.,LEA PERU,26422.818,4789.4,5,1,4,1,4.7894,137398.6536,Otro,False
20604891818,AGRI MARINE TERRA PERU S.A.C.,AGRI MARINE TERRA PERU,26390.0,740.0,2,1,1,1,0.74,137228.0,Fertilizantes,False
20606352361,CORPORACION ECOPERU S.A.C.,CORPORACION ECOPERU,25909.08,6911.25,11,1,1,1,6.91125,134727.21600000001,Fertilizantes,False
20255172884,PRODUCTOS SANCELA DEL PERU S.A.,PRODUCTOS SANCELA DEL PERU,25806.502,6752.8,4,1,4,2,6.752800000000001,134193.81040000002,Agroquimicos,False
20339899895,MARUPLAST INTERNACIONAL S.A.C.,MARUPLAST INTERNACIONAL,25597.701,1956.0,2,1,1,1,1.956,133108.04520000002,Agroquimicos,False
20605637231,Q'ANPAQ PERU S.A.C.,Q'ANPAQ PERU,25492.8,5668.8,2,1,1,1,5.6688,132562.56,Agroquimicos,False
20566503850,REPRESENTACIONES MEDICAS ROJAS SOCIEDAD,REPRESENTACIONES MEDICAS ROJAS SOCIEDAD,25348.711,3818.46,3,1,1,1,3.81846,131813.2972,Agroquimicos,False
20167877444,ARBORIZACIONES E.I.R.L.,ARBORIZACIONES,24843.0,81000.0,3,1,1,1,81.0,129183.6,Fertilizantes,False
20565806972,CASP DEL PERU E.I.R.L.,CASP DEL PERU,24572.724000000002,6012.0,2,1,2,1,6.012,127778.16480000001,Agroquimicos,False
20530042708,AGRONEGOCIOS LOS ANGELES S.A.C.,AGRONEGOCIOS LOS ANGELES,23900.0,792.0,2,1,2,1,0.792,124280.0,Otro,False
20544979036,GOVI PERU S.A.C.,GOVI PERU,23771.39,4720.0,2,1,1,1,4.72,123611.228,Agroquimicos,False
20458379395,LABIN PERU S.A.,LABIN PERU,23504.574,656.326,15,1,4,1,0.6563260000000001,122223.78480000001,Otro,False
20538481336,MACANA S.A.C,MACANA,22966.618,478.8,14,1,2,1,0.4788,119426.4136,Agroquimicos,False
20602104380,AGROINDUSTRIAS ECOFARM S.A.C.,AGROINDUSTRIAS ECOFARM,22311.0,13000.0,2,1,1,1,13.0,116017.2,Otro,False
20610851551,BIOCHEMICAL LYDIA S.A.C.,BIOCHEMICAL LYDIA,21624.907,3843.2400000000002,19,1,6,1,3.84324,112449.5164,Agroquimicos,False
20611637838,CORPORACION ANDINA AVENTIS PERU EMPRESA,CORPORACION ANDINA AVENTIS PERU EMPRE,21530.0,18.6,1,1,1,1,0.018600000000000002,111956.0,Semillas,False
20501516032,SOPURA S.A.C.,SOPURA,21455.39,15840.0,2,1,1,1,15.84,111568.02799999999,Agroquimicos,False
20451871286,NATUCULTURA S.A,NATUCULTURA,21371.388,20.166,34,1,6,3,0.020166,111131.21759999999,Semillas,False
20373687333,INCAFOREST E.I.R.LTDA,INCAFOREST E.I.R.LTDA,20788.432,3.336,41,1,2,5,0.003336,108099.84640000001,Semillas,False
20552611307,ARCHROMA PERU S.A.,ARCHROMA PERU,20705.421,13500.5,2,2,1,2,13.5005,107668.18919999998,Agroquimicos,False
20601349401,AGROSEMILLERIA TRONCOSSY S.A.C.,AGROSEMILLERIA TRONCOSSY,20150.0,14000.0,8,2,1,1,14.0,104780.0,Fertilizantes,False
20549608672,SEMBRANDO PERU S.A.C.,SEMBRANDO PERU,19910.0,1400.0,2,1,1,1,1.4,103532.0,Fertilizantes,False
20100128056,SAGA FALABELLA S A,SAGA FALABELLA S A,19187.28,1463.31,3,1,1,1,1.4633099999999999,99773.85599999999,Otro,False
20467089464,FUMINSUMOS S.R.L.,FUMINSUMOS,19080.0,3913.6000000000004,2,1,1,1,3.9136,99216.0,Agroquimicos,False
20100070970,SUPERMERCADOS PERUANOS SOCIEDAD ANONIMA,SUPERMERCADOS PERUANOS,18492.48,15216.773,12,1,3,1,15.216773,96160.89600000001,Agroquimicos,False
20100873924,PACCU S A,PACCU S A,18414.75,25000.0,1,1,1,1,25.0,95756.7,Fertilizantes,False
20557530160,BLUEBERRIES PERU S.A.C.,BLUEBERRIES PERU,18414.41,414.0,1,1,1,1,0.414,95754.932,Agroquimicos,False
20557098403,INNOVACION GANADERA S.A.C.,INNOVACION GANADERA,18350.0,900.0,1,1,1,1,0.9,95420.0,Agroquimicos,False
20543725821,DISTRIBUIDORA CUMMINS PERU S.A.C,DISTRIBUIDORA CUMMINS PERU,18155.052,655.649,5,1,4,1,0.655649,94406.27040000001,Otro,False
20603115351,BIOSCIENCE AGRO PERU S.A.C.,BIOSCIENCE AGRO PERU,18100.0,8000.0,2,1,1,1,8.0,94120.0,Fertilizantes,False
20384423508,ACCEAUTO S.A. C.,ACCEAUTO S.A. C,17213.789,5388.153,18,1,6,1,5.388153,89511.70280000001,Agroquimicos,False
20612901997,GENESIS SEEDS E.I.R.L.,GENESIS SEEDS,17039.999,4.18,5,1,2,2,0.00418,88607.9948,Semillas,False
20602243711,YOUYI GROUP PERU S.A.C.,YOUYI GROUP PERU,16872.98,26200.0,1,1,1,1,26.2,87739.496,Agroquimicos,False
20601581494,PERAGRO SEEDS E.I.R.L.,PERAGRO SEEDS,16662.3,234.454,7,2,4,5,0.234454,86643.96,Semillas,False
20600679717,KP INGENIERIA LOGISTICA PERU S.A.C.,KP INGENIERIA LOGISTICA PERU,16478.0,10820.0,4,1,1,1,10.82,85685.59999999999,Agroquimicos,False
20327514581,PLATINUM CORP S.R.L.,PLATINUM CORP,16366.62,298.26300000000003,15,2,4,1,0.29826300000000006,85106.424,Otro,False
20606769092,FISIOCROP S.A.C.,FISIOCROP,16156.8,5530.0,1,1,1,1,5.53,84015.35999999999,Fertilizantes,False
20100099447,MERCK PERUANA S A,MERCK PERUANA S A,16140.167,386.743,33,6,8,7,0.386743,83928.86839999999,Fertilizantes,False
20106651087,CIA.DE EXP.Y NEGOCIOS GNRLES.S.A.(COEXA),CIA.DE EXP.Y NEGOCIOS GNRLES.S.A.(COEXA),16030.08,5510.4,1,1,1,1,5.5104,83356.416,Fertilizantes,False
20605443878,AZAMEER S.A.C.,AZAMEER,16012.502,21973.5,1,1,1,1,21.9735,83265.0104,Agroquimicos,False
20543639231,SOCIEDAD PUNTA DE LOBOS PERU S.A.C. - SP,SOCIEDAD PUNTA DE LOBOS PERU S.A.C. - SP,16000.193,10000.0,1,1,1,1,10.0,83201.0036,Fertilizantes,False
20537025388,SOLENIS PERU SOCIEDAD ANONIMA CERRADA,SOLENIS PERU,15917.37,11540.0,4,1,3,1,11.54,82770.32400000001,Agroquimicos,False
20507855050,NUVEL S.A.C.,NUVEL,15328.668000000001,7000.0,2,1,1,1,7.0,79709.07360000002,Agroquimicos,False
20100107644,COMERCIAL LIDER S A,COMERCIAL LIDER S A,15261.879,10000.0,2,1,1,2,10.0,79361.77080000001,Agroquimicos,False
20601017491,REPRESENTACIONES ACUICOLAS Y AGRICOLAS S,REPRESENTACIONES ACUICOLAS Y AGRICOLAS S,15174.0,49000.0,2,1,2,1,49.0,78904.8,Otro,False
20606109343,SOLANA COMERCIAL S.A.C.,SOLANA COMERCIAL,15146.978,8996.4,1,1,1,1,8.9964,78764.2856,Agroquimicos,False
20510957742,CYCE INVERSIONES EIRL,CYCE INVERSIONES,15000.224999999999,1497.88,8,1,1,1,1.49788,78001.16999999998,Otro,False
20611919311,BIOCHEMICAL INTERNATIONAL COMPANY S.A.C.,BIOCHEMICAL INTERNATIONAL COMPANY,14888.92,4000.0,1,1,1,1,4.0,77422.384,Fertilizantes,False
20271470381,DROGUERIA PERU S.A.C,DROGUERIA PERU,14795.0,167.444,1,1,1,1,0.16744399999999998,76934.0,Otro,False
20110515376,AGRO VETERINARIO SANTA ROSA S.A.,AGRO VETERINARIO SANTA RO,14652.47,5000.0,1,1,1,1,5.0,76192.844,Agroquimicos,False
20603228481,COMPAÑIA AGROANDINA S.A.C.,COMPAÑIA AGROANDINA,14637.243,4005.46,2,1,2,2,4.00546,76113.6636,Fertilizantes,False
20611191198,RODEL COMPANY GROUP E.I.R.L.,RODEL COMPANY GROUP,14118.607,1962.0,5,1,1,1,1.962,73416.7564,Fertilizantes,False
20548340391,EQUIPAK INTERNACIONAL S.A.C - EQUIPAK S.,EQUIPAK INTERNACIONAL S.A.C - EQUIPAK S,13859.48,230.0,1,1,1,1,0.23,72069.29599999999,Agroquimicos,False
20109072177,CENCOSUD RETAIL PERU S.A.,CENCOSUD RETAIL PERU,13811.039999999999,9535.0,2,1,1,1,9.535,71817.408,Agroquimicos,False
20565766903,MARFRASAL INDUSTRIAL S.A.C.,MARFRASAL INDUSTRIAL,13320.0,720.0,1,1,1,1,0.72,69264.0,Agroquimicos,False
20600543025,COMERCIAL BALBOAS PERU S.A.C.,COMERCIAL BALBOAS PERU,13300.0,11000.0,3,1,1,1,11.0,69160.0,Agroquimicos,False
20348735692,PANIFICADORA BIMBO DEL PERU S.A,PANIFICADORA BIMBO DEL PERU,13260.0,3000.0,1,1,1,1,3.0,68952.0,Agroquimicos,False
20610810684,MYLVA BIOCIDAS PERU SOCIEDAD ANONIMA CER,MYLVA BIOCIDAS PERU SOCIEDAD ANONIMA CER,13217.159000000001,203.68,11,1,2,1,0.20368,68729.2268,Agroquimicos,False
20614318521,V & G IMPORT & SERVICES S.A.C.,V & G IMPORT & SERVICES,12911.53,2322.0,1,1,1,1,2.322,67139.956,Agroquimicos,False
20609585049,REGIONAL CONSULTING S.A.C.,REGIONAL CONSULTING,12700.8,504.0,1,1,1,1,0.504,66044.16,Agroquimicos,False
20512218424,GLOBAL MEGA SOCIEDAD ANONIMA CERRADA,GLOBAL MEGA,12500.0,11.15,2,2,1,1,0.01115,65000.0,Otro,False
20267418820,AGRARIS INTERNACIONAL SA,AGRARIS INTERNACIONAL,12500.0,137.0,3,1,1,1,0.137,65000.0,Agroquimicos,False
20607342491,FUSAGRO SOCIEDAD ANONIMA CERRADA,FUSAGRO,12480.0,9000.0,1,1,1,1,9.0,64896.0,Fertilizantes,False
20607315818,PHEROCONTROL EMPRESA INDIVIDUAL DE RESPO,PHEROCONTROL EMPRESA INDIVIDUAL DE RESPO,12268.8,2071.0,1,1,1,1,2.071,63797.759999999995,Agroquimicos,False
20601138809,INCA SOLUCIONES S.A.C.,INCA SOLUCIONES,12178.92,1500.67,2,1,1,1,1.5006700000000002,63330.384000000005,Agroquimicos,False
20510314078,ANDES SEGURIDAD S.A.C.,ANDES SEGURIDAD,11700.0,436.8,1,1,1,1,0.4368,60840.0,Agroquimicos,False
20195937541,RECKITT BENCKISER PERU S.A.,RECKITT BENCKISER PERU,11645.264000000001,2875.11,9,1,4,2,2.8751100000000003,60555.37280000001,Agroquimicos,False
20498279628,INTERINSUMOS S.R.L.,INTERINSUMOS,11550.0,420.0,2,1,1,1,0.42,60060.0,Agroquimicos,False
20101621902,LLAR S A,LLAR S A,11269.29,5400.0,1,1,1,1,5.4,58600.308000000005,Fertilizantes,False
20523690702,CHT PERUANA S.A.,CHT PERUANA,10930.0,5000.0,2,1,2,1,5.0,56836.0,Otro,False
20546843042,P & L COPAN SOCIEDAD ANONIMA CERRADA,P & L COPAN,10891.92,844.8,1,1,1,1,0.8448,56637.984,Agroquimicos,False
20604825521,AGRICOLA A & G E.I.R.L.,AGRICOLA A & G,10499.2,3296.0,3,1,1,1,3.296,54595.840000000004,Fertilizantes,False
20492049655,SOPORTE TEXTIL SOCIEDAD ANONIMA,SOPORTE TEXTIL,10122.899,1000.0,1,1,1,1,1.0,52639.0748,Agroquimicos,False
20610578463,DROGUERIA MAGIC SHOP S.A.C.,DROGUERIA MAGIC SHOP,9434.130000000001,1806.114,3,1,1,1,1.806114,49057.47600000001,Agroquimicos,False
20557788841,CORPORACION JEM BIOS E.I.R.L.,CORPORACION JEM BIOS,9413.065,327.729,6,1,3,1,0.327729,48947.938,Otro,False
20573853670,CORPORACIÓN BENITO FJA SOCIEDAD ANÓNIMA,CORPORACIÓN BENITO FJA SOCIEDAD ANÓNIMA,9360.0,52000.0,1,1,1,1,52.0,48672.0,Fertilizantes,False
20376641466,BAYER VEGETALES PERU S.A.,BAYER VEGETALES PERU,9114.49,17.149,36,1,9,7,0.017149,47395.348,Semillas,False
20609565552,AGROSEALAND PERU S.A.C.,AGROSEALAND PERU,9003.367,7200.0,2,1,1,1,7.2,46817.508400000006,Fertilizantes,False
20455586144,TECNOAGRO MHERIDA E.I.R.L.,TECNOAGRO MHERIDA,8970.0,2000.0,1,1,1,1,2.0,46644.0,Fertilizantes,False
20612953598,MAAC PRODUCTOS S.A.C.,MAAC PRODUCTOS,8780.0,1000.0,1,1,1,1,1.0,45656.0,Agroquimicos,False
20293774308,TRACTO CAMIONES USA S.A.C.,TRACTO CAMIONES U,8417.817,660.875,31,8,6,1,0.660875,43772.64839999999,Otro,False
20522695476,NEXUS PHARMACEUTICAL E.I.R.L.,NEXUS PHARMACEUTICAL,8417.630000000001,41.04,2,1,2,2,0.04104,43771.67600000001,Otro,False
20258352638,MACC-HER REPRESENTACIONES SRLTDA,MACC-HER REPRESENTACIONES SRLTDA,8124.0,3023.8199999999997,2,1,1,1,3.0238199999999997,42244.799999999996,Agroquimicos,False
20532520950,FUNDO LA NORIA SOCIEDAD ANONIMA CERRADA,FUNDO LA NORIA,8065.8,1250.0,4,2,1,1,1.25,41942.16,Fertilizantes,False
20546947093,DIVISIÓN G1 SOCIEDAD ANÓNIMA CERRADA,DIVISIÓN G1 SOCIEDAD ANÓNIMA CERRADA,7800.0,614.135,3,1,1,1,0.614135,40560.0,Otro,False
20377339461,B.BRAUN MEDICAL PERU S.A.,B.BRAUN MEDICAL PERU,7615.716,2476.335,2,1,1,1,2.476335,39601.7232,Fertilizantes,False
20546676553,BEGGIE PERÚ S.A.,BEGGIE PERÚ,7537.0,1640.0,1,1,1,1,1.64,39192.4,Agroquimicos,False
20501457192,EXIMVET S.A.C.,EXIMVET,7533.5,600.1,2,1,1,1,0.6001000000000001,39174.200000000004,Agroquimicos,False
20293623431,CLARIANT (PERU) S.A.,CLARIANT (PERU),7431.8099999999995,5243.8369999999995,4,1,3,2,5.243836999999999,38645.412,Agroquimicos,False
20556581372,AGROEXPORTADORA VIRGEN DEL CARMEN S.A.C.,AGROEXPORTADORA VIRGEN DEL CARMEN,7263.9,12.4,2,1,1,1,0.0124,37772.28,Semillas,False
20100152941,KIMBERLY-CLARK PERU S.R.L.,KIMBERLY-CLARK PERU,7124.48,1548.8,1,1,1,1,1.5488,37047.296,Agroquimicos,False
20600297661,AGRICOLA SANTA CECILIA G & L S.A.C.,AGRICOLA SANTA CECILIA G & L,7068.45,10.0,1,1,1,1,0.01,36755.94,Semillas,False
20519361672,CHEMIE AGROVETERINARIA S.A.C.,CHEMIE AGROVETERINARIA,7021.0,10000.0,1,1,1,1,10.0,36509.200000000004,Fertilizantes,False
20606415509,COMPAÑIA UTIL S.A.C.,COMPAÑIA UTIL,7000.0,20800.0,1,1,1,1,20.8,36400.0,Agroquimicos,False
20100154138,AUTOREX PERUANA S A,AUTOREX PERUANA S A,6548.256,1622.521,1,1,1,1,1.6225209999999999,34050.9312,Agroquimicos,False
20605124501,GRUPO ACOSTA MUQUE E.I.R.L.,GRUPO ACOSTA MUQUE,6458.243,1017.514,1,1,1,1,1.017514,33582.8636,Agroquimicos,False
20100085063,AJINOMOTO DEL PERU S A,AJINOMOTO DEL PERU S A,6431.0,168.0,3,1,1,1,0.168,33441.200000000004,Fertilizantes,False
20510932243,DAL TRADING S.A.C.,DAL TRADING,6396.767,61.198,1,1,1,1,0.061198,33263.1884,Agroquimicos,False
20602815855,SWEET SAATEN S.A.C.,SWEET SAATEN,6350.724,2304.0,1,1,1,1,2.304,33023.764800000004,Fertilizantes,False
20545905125,FERTICROPS S.A.C.,FERTICROPS,6279.202,23500.0,1,1,1,1,23.5,32651.850400000003,Fertilizantes,False
20509442551,PROCHEM PERU SOCIEDAD ANONIMA CERRADA -,PROCHEM PERU,6259.859,3005.411,3,1,1,1,3.005411,32551.2668,Agroquimicos,False
20509091154,SEMILLAS HORTACH GROUP S.A.C.,SEMILLAS HORTACH GROUP,6252.71,260.0,2,1,1,1,0.26,32514.091999999997,Semillas,False
20603713037,GRUINDAG PERU SAC.,GRUINDAG PERU,6173.616,1996.8,1,1,1,1,1.9968,32102.8032,Otro,False
20612755460,SERVIVET PERU S.A.C.,SERVIVET PERU,6008.238,98.4,7,1,2,1,0.0984,31242.8376,Agroquimicos,False
20526242409,FETA SERVICIOS GENERALES EIRL,FETA SERVICIOS GENERALES,6000.0,119.7,1,1,1,1,0.1197,31200.0,Agroquimicos,False
20503409705,PROQUIMAS S.R.L.,PROQUIMAS,5896.8,540.0,1,1,1,1,0.54,30663.360000000004,Agroquimicos,False
20523163320,BOEHRINGER INGELHEIM PERU S.A.C,BOEHRINGER INGELHEIM PERU,5892.4529999999995,236.64000000000001,2,1,2,1,0.23664000000000002,30640.755599999997,Agroquimicos,False
20501887286,DIAGNOSTICA PERUANA S.A.C.,DIAGNOSTICA PERUANA,5863.75,43.617,1,1,1,1,0.043616999999999996,30491.5,Otro,False
20603814526,DB ORGANIC  SCIENCE S.A.C.,DB ORGANIC SCIENCE,5758.885,1100.0,1,1,1,1,1.1,29946.202,Fertilizantes,False
20605615679,BALU SEEDS S.A.C.,BALU SEEDS,5713.995,6.854,14,1,1,2,0.006854,29712.773999999998,Semillas,False
20514567264,VHD SANIDAD ANIMAL E.I.R.L.,VHD SANIDAD ANIMAL,5528.0,325.0,2,1,2,1,0.325,28745.6,Agroquimicos,False
20606099585,EUROSEEDS S.A.C.,EUROSEEDS,5459.978,496.7,3,1,1,3,0.4967,28391.885599999998,Semillas,False
20552283377,POWER REFLE SOCIEDAD ANONIMA CERRADA,POWER REFLE,5366.0,5853.3,2,1,1,1,5.8533,27903.2,Agroquimicos,False
20216839570,DEXER SOCIEDAD DE RESPONSABILIDAD LIMITA,DEXER SOCIEDAD DE RESPONSABILIDAD LIMITA,5294.16,316.92,1,1,1,1,0.31692000000000004,27529.631999999998,Agroquimicos,False
20601494095,ADDERA PERU S.A.C.,ADDERA PERU,5064.5,1995.0,1,1,1,1,1.995,26335.399999999998,Otro,False
20610703853,INDUSTRIAS MARVIC S.R.L.,INDUSTRIAS MARVIC,5000.0,25.0,1,1,1,1,0.025,26000.0,Agroquimicos,False
20512047352,SWISSJUST LATINOAMERICA S.A. SUCURSAL PE,SWISSJUST LATINOAMERICA S.A. SUCURSAL PE,4956.848,114.0,1,1,1,1,0.114,25775.6096,Agroquimicos,False
20253339005,SISTEMAS DE RIEGO INGENIEROS S R LTDA.,SISTEMAS DE RIEGO INGENIEROS S R LTDA,4913.575,108.0,1,1,1,1,0.108,25550.589999999997,Otro,False
20487217451,G FOODS NATIVE S.A.C.,G FOODS NATIVE,4862.59,516.0,1,1,1,1,0.516,25285.468,Agroquimicos,False
20492784622,BORDEN S.A.C.,BORDEN,4742.7,237.15,4,1,2,1,0.23715,24662.04,Otro,False
20545621879,CORPORACION JPC S.A.C.,CORPORACION JPC,4730.0,376.33500000000004,2,1,1,1,0.37633500000000003,24596.0,Agroquimicos,False
20603402589,INDUSTRIAS ISLAS PERU SAC,INDUSTRIAS ISLAS PERU,4723.35,907.184,1,1,1,1,0.907184,24561.420000000002,Agroquimicos,False
20318171701,J.CH.COMERCIAL S.A.,J.CH.COMERCIAL,4550.95,266.528,11,4,2,1,0.26652800000000004,23664.94,Otro,False
20535794341,BULMUR S.A.C.,BULMUR,4547.42,1070.0,1,1,1,1,1.07,23646.584000000003,Agroquimicos,False
20600045521,INTERNATIONAL CAMIONES DEL PERU S.A.,INTERNATIONAL CAMIONES DEL PERU,4350.138,252.80100000000002,11,4,5,7,0.252801,22620.7176,Otro,False
20603807678,TPS SEMILLAS SOCIEDAD ANONIMA CERRADA -T,TPS SEMILLAS SOCIEDAD ANONIMA CERRADA -T,4272.131,6.651,1,1,1,1,0.006651,22215.081200000004,Semillas,False
20511663378,VETNOVA S.A.C.,VETNOVA,4222.8,381.71,1,1,1,1,0.38171,21958.56,Agroquimicos,False
20606449811,SANIDAD AGROPECUARIA & ASOCIADOS S.A.C.,SANIDAD AGROPECUARIA & ASOCIADOS,4109.034000000001,78.12,5,1,1,1,0.07812000000000001,21366.9768,Agroquimicos,False
20101759688,M & M REPUESTOS Y SERVICIOS S.A.,M & M REPUESTOS Y SERVICIOS,4065.8320000000003,193.649,4,2,3,3,0.193649,21142.3264,Otro,False
20502797230,DIVEIMPORT S.A.,DIVEIMPORT,4063.122,28.087,5,1,3,1,0.028087,21128.234399999998,Otro,False
20102032951,A JAIME ROJAS REPRESENTACIONES GRLES S A,A JAIME ROJAS REPRESENTACIONES GRLES S A,4050.0,36.0,3,1,1,1,0.036,21060.0,Agroquimicos,False
20295006570,ANDINA MEDICA FILIAL PERU,ANDINA MEDICA FILIAL PERU,3965.159,85.107,7,2,5,3,0.085107,20618.8268,Otro,False
20100070031,VOLVO PERU S A,VOLVO PERU S A,3915.51,180.322,14,2,6,3,0.180322,20360.652000000002,Otro,False
20606039604,AGROSERVICIOS LATINOAMERICANOS E.I.R.L.,AGROSERVICIOS LATINOAMERICANOS,3855.2,960.0,1,1,1,1,0.96,20047.04,Fertilizantes,False
20603181582,SOL NACIENTE INTERNACIONAL S.A.C.,SOL NACIENTE INTERNACIONAL,3724.166,819.34,1,1,1,1,0.8193400000000001,19365.663200000003,Agroquimicos,False
20291398902,POCHTECA PERU S.A.C.,POCHTECA PERU,3629.515,4800.0,1,1,1,1,4.8,18873.478,Agroquimicos,False
20421367605,ORBES AGRICOLA S.A.C,ORBES AGRICOLA,3613.536,172.10000000000002,2,1,2,1,0.17210000000000003,18790.3872,Otro,False
20289907743,ILKO PERU S.A.C.,ILKO PERU,3600.0,1470.0,1,1,1,1,1.47,18720.0,Agroquimicos,False
20458810673,AUTOMOTRIZ GENERAL DEL PERU SOCIEDAD ANO,AUTOMOTRIZ GENERAL DEL PERU SOCIEDAD ANO,3585.314,427.579,5,1,3,3,0.427579,18643.6328,Otro,False
20601858879,REAGENTS PERU E.I.R.L.,REAGENTS PERU,3575.1400000000003,101.975,2,1,1,1,0.101975,18590.728,Fertilizantes,False
20507165461,DRESDEN S.A.,DRESDEN,3516.1,1900.0,2,1,1,1,1.9,18283.72,Agroquimicos,False
20612262587,INTERSHOPLAB S.A.C.,INTERSHOPLAB,3427.267,47.217,3,1,3,1,0.047217,17821.7884,Otro,False
20454845057,NOVAGRI S.A.C.,NOVAGRI,3400.0,1.73,1,1,1,1,0.00173,17680.0,Agroquimicos,False
20516086239,DISTRILARKIN DEL PERU S.A.,DISTRILARKIN DEL PERU,3288.0,2400.0,1,1,1,1,2.4,17097.600000000002,Agroquimicos,False
20613250272,LIGNOQUIM PERU S.A.C.,LIGNOQUIM PERU,3259.4,2372.41,13,1,1,1,2.37241,16948.88,Fertilizantes,False
20555962984,RELIX PERU S.A.C. - RELIX,RELIX PERU S.A.C. - RELIX,3166.686,431.972,3,3,2,2,0.43197199999999997,16466.767200000002,Otro,False
20417378911,INTRADEVCO INDUSTRIAL S.A.,INTRADEVCO INDUSTRIAL,3130.59,243.846,1,1,1,1,0.243846,16279.068000000001,Otro,False
20131373075,SERVICIO NACIONAL DE SANIDAD AGRARIA,SERVICIO NACIONAL DE SANIDAD AGRARIA,3098.84,5.53,1,1,1,1,0.00553,16113.968,Agroquimicos,False
20550531543,P & E SOLUCIONES INDUSTRIALES S.A.C.,P & E SOLUCIONES INDUSTRIALES,3080.481,302.128,1,1,1,1,0.302128,16018.501200000002,Agroquimicos,False
20296570509,NEW POWER INTERNATIONAL S.A.C.,NEW POWER INTERNATIONAL,3045.258,2400.0,3,1,2,1,2.4,15835.3416,Otro,False
20610476636,KORPER EXPRESS S.A.C.,KORPER EXPRESS,3030.0,1000.0,1,1,1,1,1.0,15756.0,Fertilizantes,False
20563614723,FALL CREEK PERU S.R.L.,FALL CREEK PERU,3017.03,21.55,1,1,1,1,0.02155,15688.556000000002,Otro,False
20378890161,RASH PERU S.R.L,RASH PERU,3000.0,94.699,1,1,1,1,0.09469899999999999,15600.0,Agroquimicos,False
20607720992,CLENVI SOCIEDAD ANONIMA CERRADA,CLENVI,2900.0,200.0,1,1,1,1,0.2,15080.0,Agroquimicos,False
20388203111,NCH PERU S.A,NCH PERU,2838.873,229.06,1,1,1,1,0.22906,14762.139599999999,Agroquimicos,False
20145038384,AQA QUIMICA SOCIEDAD ANONIMA,AQA QUIMICA,2783.63,1250.0,1,1,1,1,1.25,14474.876,Agroquimicos,False
20603346395,BC MEDICA E.I.R.L.,BC MEDICA,2760.581,268.921,1,1,1,1,0.26892099999999997,14355.021200000001,Agroquimicos,False
20302241598,KOMATSU-MITSUI MAQUINARIAS PERU S.A.,KOMATSU-MITSUI MAQUINARIAS PERU,2427.287,35.6,1,1,1,1,0.0356,12621.892399999999,Otro,False
20603037031,ALP BIOPHARMA E.I.R.L.,ALP BIOPHARMA,2260.0,50.0,1,1,1,1,0.05,11752.0,Agroquimicos,False
20521213371,ADIPLUS SOCIEDAD ANONIMA CERRADA - ADIPL,ADIPLUS SOCIEDAD ANONIMA CERRADA - ADIPL,2217.6,120.0,1,1,1,1,0.12,11531.52,Agroquimicos,False
20606218371,CURIMAPU PERU SOCIEDAD ANONIMA CERRADA,CURIMAPU PERU,2099.62,2.24,8,1,1,1,0.0022400000000000002,10918.024,Semillas,False
20607792888,PETROLEUM TECHNOLOGY S.A.C.,PETROLEUM TECHNOLOGY,2056.0,9.216,3,2,2,1,0.009215999999999998,10691.199999999999,Otro,False
20474807101,ALITECNO S.A.C.,ALITECNO,2007.08,150.0,1,1,1,1,0.15,10436.816,Agroquimicos,False
20611348364,OSHALE S.A.C.,OSHALE,1980.0,290.278,3,1,1,1,0.29027800000000004,10296.0,Fertilizantes,False
20510586582,INVERSIONES NORVET SOCIEDAD ANONIMA CERR,INVERSIONES NORVET SOCIEDAD ANONIMA CERR,1962.2,33.931,3,1,1,1,0.033930999999999996,10203.44,Agroquimicos,False
20423555182,CIA IMPORTADORA AMERICANA S.A.,CIA IMPORTADORA AMERICANA,1903.0,28.274,2,1,2,2,0.028274,9895.6,Otro,False
20604843554,DIAGNOSTIC LAB E & M S.A.C.,DIAGNOSTIC LAB E & M,1877.884,33.562,4,1,1,1,0.033561999999999995,9764.996799999999,Otro,False
20601298733,VOLCAMBUS S.A.C.,VOLCAMBUS,1800.8339999999998,259.308,3,3,2,1,0.259308,9364.3368,Otro,False
20541308564,BANATI BOSQUE SOCIEDAD ANONIMA CERRADA,BANATI BOSQUE,1700.0,50.0,1,1,1,1,0.05,8840.0,Semillas,False
20606469706,AMERICAN HARUS CORPORATION S.A.C.,AMERICAN HARUS CORPORATION,1610.078,23.972,7,3,3,2,0.023972,8372.4056,Otro,False
20100329205,H.W.KESSEL S.A.C.,H.W.KESSEL,1514.8,0.869,1,1,1,1,0.000869,7876.959999999999,Otro,False
20386834548,PAR CHEMICAL SRL,PAR CHEMICAL,1448.0,800.0,1,1,1,1,0.8,7529.6,Agroquimicos,False
20429118523,REPRESENTACIONES & ASISTENCIA TECNICA S.,REPRESENTACIONES & ASISTENCIA TECNICA S,1445.5,850.25,1,1,1,1,0.85025,7516.6,Fertilizantes,False
20520739280,GESMIN S.R.L.,GESMIN,1422.9,1.545,2,1,1,1,0.001545,7399.080000000001,Otro,False
20107914995,INMUNOCHEM SAC,INMUNOCHEM,1422.75,13.374,3,1,2,1,0.013374,7398.3,Otro,False
20608850628,CORPORACION KELJHO PERU E.I.R.L.,CORPORACION KELJHO PERU,1409.183,731.151,1,1,1,1,0.731151,7327.7516,Otro,False
20607027987,CAMFRA E.I.R.L.,CAMFRA,1327.008,56.549,1,1,1,1,0.056549,6900.441600000001,Otro,False
20101024645,ARCA CONTINENTAL LINDLEY S.A.,ARCA CONTINENTAL LINDLEY,1255.75,153.6,3,1,2,1,0.1536,6529.900000000001,Fertilizantes,False
20510673710,IMPLEMENTOS PERU S.A.C.,IMPLEMENTOS PERU,1210.9859999999999,306.622,2,1,1,2,0.306622,6297.1272,Otro,False
20130479104,AGRO COSTA S.A.C.,AGRO COSTA,1175.27,581.875,2,1,1,1,0.581875,6111.404,Fertilizantes,False
20144442629,HOGAR CLINICA SAN JUAN DE DIOS,HOGAR CLINICA SAN JUAN DE DIOS,1134.552,504.0,1,1,1,1,0.504,5899.670399999999,Agroquimicos,False
20106109401,SAN ISIDRO REPRESENTACIONES S A,SAN ISIDRO REPRESENTACIONES S A,1108.48,117.72,1,1,1,1,0.11772,5764.096,Fertilizantes,False
20600881320,IMPORTACIONES Y DISTRIBUCIONES RUSMITA E,IMPORTACIONES Y DISTRIBUCIONES RUSMITA E,995.0,1833.984,2,1,1,1,1.8339839999999998,5174.0,Agroquimicos,False
20125327509,SAN BARTOLOME S.A.,SAN BARTOLOME,984.67,26.708,6,5,4,2,0.026708,5120.284,Otro,False
20603352573,AGRO FAMHER S.A.C.,AGRO FAMHER,906.6569999999999,142.6,5,2,1,1,0.1426,4714.616399999999,Fertilizantes,False
20611157453,BIORGANICS INDUSTRIAL S.A.C.,BIORGANICS INDUSTRIAL,904.5,356.4,1,1,1,1,0.3564,4703.400000000001,Otro,False
20100050359,A W FABER CASTELL PERUANA S A,A W FABER CASTELL PERUANA S A,893.843,75.0,1,1,1,1,0.075,4647.9836,Agroquimicos,False
20605081569,SD DIAGNOSTICS PERU S.A.C.,SD DIAGNOSTICS PERU,880.894,15.059999999999999,3,1,2,1,0.015059999999999999,4580.6488,Otro,False
20344877158,DERCO PERU S.A.,DERCO PERU,853.403,20.174,2,1,2,1,0.020174,4437.6956,Otro,False
20512834656,ECOREP S.A.C.,ECOREP,813.6,50.704,1,1,1,1,0.050704,4230.72,Otro,False
20602007970,LC BIOCORP S.A.C.,LC BIOCORP,785.433,5.181,3,1,2,1,0.005181,4084.2516,Otro,False
20603749465,ECOPACKING CARTONES SOCIEDAD ANONIMA,ECOPACKING CARTONES,769.463,23.0,1,1,1,1,0.023,4001.2075999999997,Agroquimicos,False
20518745876,LABSYSTEMS S.A.C,LABSYSTEMS,750.793,25.568,1,1,1,1,0.025568,3904.1236000000004,Otro,False
20100302421,ARTECOLA PERU S.A.,ARTECOLA PERU,704.098,50.0,1,1,1,1,0.05,3661.3095999999996,Agroquimicos,False
20601709687,MSL INTERNATIONAL BUSINESS S.A.C.,MSL INTERNATIONAL BUSINESS,690.0,36.0,2,1,1,1,0.036,3588.0,Otro,False
20505110651,W.P. BIOMED S.A.,W.P. BIOMED,658.9259999999999,5.901,2,1,1,1,0.005901,3426.4151999999995,Otro,False
20609658755,GRUPO SLY E.I.R.L.,GRUPO SLY,638.237,89.098,1,1,1,1,0.089098,3318.8324,Otro,False
20524800510,LAB & HEALTH SUPPLY S.A.C.,LAB & HEALTH SUPPLY,625.889,8.214,2,1,2,2,0.008214,3254.6228,Otro,False
20525165958,CORPORATION WITHMORY S.R.L.,CORPORATION WITHMORY,624.13,73.65400000000001,4,4,2,1,0.07365400000000001,3245.4759999999997,Otro,False
20101142176,SUMINISTROS DE LABORATORIO S.A.,SUMINISTROS DE LABORATORIO,621.554,0.542,1,1,1,1,0.0005420000000000001,3232.0808,Otro,False
20604609080,GROUP PANTERA S.A.C.,GROUP PANTERA,525.0,68.406,1,1,1,1,0.06840600000000001,2730.0,Otro,False
20477914307,AUTOMOTORES FRANCIA PERÚ S.A.C.,AUTOMOTORES FRANCIA PERÚ,513.644,218.6,1,1,1,1,0.2186,2670.9488,Fertilizantes,True
20549758054,A & O TECH E.I.R.L.,A & O TECH,468.541,2.758,5,2,3,3,0.002758,2436.4132,Agroquimicos,False
20556038806,ANDES MOTOR PERU S.A.C.,ANDES MOTOR PERU,443.99300000000005,17.842,2,1,2,2,0.017842,2308.7636,Otro,False
20100058503,PURATOS PERU S.A.,PURATOS PERU,436.0,200.0,1,1,1,1,0.2,2267.2000000000003,Otro,False
20101639275,IPESA S.A.C.,IPE,432.822,12.739,1,1,1,1,0.012739,2250.6744000000003,Otro,False
20601833621,MAQTRUCK S.A.C.,MAQTRUCK,422.594,72.136,1,1,1,1,0.07213599999999999,2197.4888,Otro,False
20563090805,BIOASSAY PERU S.A.C.,BIOASSAY PERU,406.808,8.45,1,1,1,1,0.00845,2115.4015999999997,Otro,False
20459935151,CORPORACION LUMBER S.A.C.,CORPORACION LUMBER,379.519,75.775,2,1,2,1,0.07577500000000001,1973.4988,Otro,False
20604417750,ALPHATEC SCIENTIFIC E.I.R.L.,ALPHATEC SCIENTIFIC,364.0,16.982,2,1,1,1,0.016982,1892.8,Otro,False
20612024481,FIXGROM PERU S.A.C.,FIXGROM PERU,349.452,40.0,2,2,1,1,0.04,1817.1504,Fertilizantes,False
20481492433,UNILAP SAC,UNILAP,333.921,1.311,1,1,1,1,0.0013109999999999999,1736.3892,Otro,False
20610028048,HOWO POWER SOCIEDAD ANONIMA CERRADA,HOWO POWER,302.6,76.39,2,2,2,1,0.07639,1573.52,Otro,False
20554580905,DROGUERIA ALEMANA S.A.C.,DROGUERIA ALEMANA,294.4,3.513,1,1,1,1,0.003513,1530.8799999999999,Otro,False
20508691301,CENTEX INSTRUMENTACION Y EQUIPOS S.A.C.,CENTEX INSTRUMENTACION Y EQUIPOS,259.384,0.215,1,1,1,1,0.000215,1348.7968,Agroquimicos,False
20600973585,COMERCIALIZADORA DE LA PLATA S.A.C.,COMERCIALIZADORA DE LA PLATA,257.652,2.7,6,1,1,1,0.0027,1339.7904,Otro,False
20525441734,SERVICIOS Y SUMINISTROS AGRICOLAS SOCIED,SERVICIOS Y SUMINISTROS AGRICOLAS SOCIED,247.736,13.8,3,1,1,1,0.013800000000000002,1288.2271999999998,Otro,False
20609650193,RODOAGRO S.A.C.,RODOAGRO,240.748,240.0,4,2,1,1,0.24,1251.8896,Fertilizantes,False
20600136527,OZ PERU GROUP S.A.C.,OZ PERU GROUP,215.193,3.3,1,1,1,1,0.0033,1119.0036,Fertilizantes,False
20604959609,IMPROTEK CORPORACION S.A.C.,IMPROTEK CORPORACION,207.0,0.865,1,1,1,1,0.000865,1076.3999999999999,Otro,False
20602940196,BEENATURAL SOCIEDAD ANONIMA CERRADA - BE,BEENATURAL SOCIEDAD ANONIMA CERRADA - BE,200.0,80.0,1,1,1,1,0.08,1040.0,Agroquimicos,False
20558385007,CORPORACION VERTE BIEN EMPRESA INDIVIDUA,CORPORACION VERTE BIEN EMPRESA INDIVIDUA,194.7,5.879,1,1,1,1,0.005879,1012.4399999999999,Otro,False
20419387658,CEMENTOS PACASMAYO S.A.A.,CEMENTOS PACASMAYO,193.923,0.35,2,1,2,1,0.00035,1008.3996,Agroquimicos,False
20100132592,TOYOTA DEL PERU S A,TOYOTA DEL PERU S A,181.839,6.071,1,1,1,1,0.006071,945.5628,Otro,False
20430500521,MC AUTOS DEL PERU S.A.C.,MC AUTOS DEL PERU,169.89000000000001,3.246,3,1,2,1,0.003246,883.428,Otro,False
20518364481,TECFRESH SOCIEDAD ANÓNIMA CERRADA-TECFRE,TECFRESH SOCIEDAD ANÓNIMA CERRADA-TECFRE,159.431,0.452,1,1,1,1,0.00045200000000000004,829.0412000000001,Otro,False
20609170396,CHINA-TRADE IMPORT & SERVICES SOCIEDAD A,CHINA-TRADE IMPORT & SERVICES SOCIEDAD A,150.0,31.995,1,1,1,1,0.031995,780.0,Otro,False
20615506428,NOVATEK PERU S.A.C.,NOVATEK PERU,133.813,13.119,1,1,1,1,0.013119,695.8276,Agroquimicos,False
20607967599,CORPORACIÓN FRANCESCA IMPORT E.I.R.L.,CORPORACIÓN FRANCESCA IMPORT,130.0,50.607,1,1,1,1,0.050607,676.0,Otro,False
20613901435,LA CASA DE LAS CARCASAS PERU S.A.C.,LA CASA DE LAS CARCASAS PERU,117.731,4.917,8,1,6,1,0.0049169999999999995,612.2012,Agroquimicos,False
20123711875,TECCIOS S.A.C.,TECCIOS,110.758,0.593,1,1,1,1,0.000593,575.9416,Fertilizantes,False
20546526314,PERUVIAN EXOTICS S.A.C.,PERUVIAN EXOTICS,105.0,3.5,1,1,1,1,0.0035,546.0,Semillas,False
20611873027,GLS CORP S.A.,GLS CORP,92.096,1.384,1,1,1,1,0.0013839999999999998,478.8992,Otro,False
20101331734,A & R REPRESENTACIONES EIRL,A & R REPRESENTACIONES,84.0,0.265,1,1,1,1,0.000265,436.8,Otro,False
20609499215,ANALITICA INTEGRADA Y SISTEMAS E.I.R.L.,ANALITICA INTEGRADA Y SISTEMAS,83.0,2.167,2,1,1,1,0.0021669999999999997,431.6,Otro,False
20602891772,FULLER PINTO S.A.C.,FULLER PINTO,78.24,51.13,3,1,3,1,0.05113,406.848,Agroquimicos,False
20600490801,CURAFARMA LAB S.A.C.,CURAFARMA LAB,70.0,1.0,1,1,1,1,0.001,364.0,Otro,False
20517513530,PROSPECCION MINERA Y GEOLOGICA SHOUKAN S,PROSPECCION MINERA Y GEOLOGICA SHOUKAN S,66.9,60.264,1,1,1,1,0.060264000000000005,347.88,Otro,False
20553029016,VICTORINOX PERU S.A.C,VICTORINOX PERU,63.138,0.23,1,1,1,1,0.00023,328.31759999999997,Otro,False
20144640269,AUTOPARTES S.A.,AUTOPARTES,59.94,8.099,1,1,1,1,0.008099,311.688,Otro,False
20100810418,NEGOCIAR S.A.C.,NEGOCIAR,50.318,1.5,1,1,1,1,0.0015,261.6536,Otro,False
20608327968,DROGFARMA AQP S.R.L.,DROGFARMA AQP,49.0,0.908,1,1,1,1,0.0009080000000000001,254.8,Otro,False
20259572887,ZAPLER S.A.C.,ZAPLER,39.481,6.4,1,1,1,1,0.0064,205.3012,Otro,False
20601065691,RAPIDIAGNOSTICS S.A.C.,RAPIDIAGNOSTICS,35.082,0.226,1,1,1,1,0.00022600000000000002,182.4264,Otro,False
20543520935,GEQUIM REPRESENTACIONES S.A.C.,GEQUIM REPRESENTACIONES,24.069,7.5,4,1,1,1,0.0075,125.15879999999999,Agroquimicos,False
20613811053,RICO MULTIMODAL CARGO E.I.R.L.,RICO MULTIMODAL CARGO,21.153,7.627000000000001,2,1,1,1,0.007627000000000001,109.9956,Agroquimicos,False
20507514732,ALBAUGH PERU S.A.,ALBAUGH PERU,21.0,11.9,2,1,2,2,0.0119,109.2,Agroquimicos,False
20522471101,YOKOGAWA AMERICA DO SUL LTDA SUCURSAL PE,YOKOGAWA AMERICA DO SUL LTDA SUCURSAL PE,20.06,0.6,1,1,1,1,0.0006,104.31199999999998,Fertilizantes,False
20613377400,LABP DIAGNOSTICA E.I.R.L.,LABP DIAGNOSTICA,16.747,0.112,1,1,1,1,0.000112,87.0844,Otro,False
20562842145,BTS CONSULTORES S.A.C.,BTS CONSULTORES,15.14,0.144,1,1,1,1,0.00014399999999999998,78.728,Otro,False
20600639537,LIMAGRAIN PERU S.A.C.,LIMAGRAIN PERU,15.0,5.0,1,1,1,1,0.005,78.0,Agroquimicos,False
20538409571,PARTESDEUSA.COM S.A.C.,PARTESDEUSA.COM,14.89,2.76,1,1,1,1,0.00276,77.42800000000001,Otro,False
20611889560,GRUPO M & L S.A.C.,GRUPO M & L,12.25,0.33,1,1,1,1,0.00033,63.7,Otro,False
