cultivo,total,abono,fertilizantes,plaguicidas,semillas,jornales,riego,asistencia_tecnica,insumos_soles,pct_insumos,insumos_usd,total_usd
piquillo,30281.0,666.2,2305.8,3022.8,77.5,18943.8,1312.4,62.5,5994.8,19.797232588091543,1598.6133333333335,8074.933333333333
tomate,20077.8,1153.1,1695.9,1619.0,164.9,3687.1,2403.0,0.0,4468.0,22.25343414119077,1191.4666666666667,5354.08
ají,15985.3,884.8,1747.4,1252.4,317.1,8586.2,446.5,15.0,3884.6,24.30107661413924,1035.8933333333332,4262.746666666667
pimiento,32838.6,446.7,1724.2,1610.0,1173.3,23390.7,1279.0,57.1,3780.9,11.513584622974184,1008.24,8756.96
cebolla,14925.2,592.1,1723.1,1231.7,441.5,3193.6,2944.4,34.1,3546.8999999999996,23.76450566826575,945.8399999999999,3980.0533333333337
palta,13373.3,256.8,1881.9,1394.6,0.0,5238.3,2299.0,119.1,3533.3,26.42055438822131,942.2133333333334,3566.213333333333
espárrago,11017.5,240.8,1811.7,1405.7,0.0,4479.1,215.8,74.6,3458.2,31.388245972316767,922.1866666666666,2938.0
melocotón,4167.8,810.0,1200.0,1440.0,0.0,224.7,292.0,0.0,3450.0,82.77748452420941,920.0,1111.4133333333334
uva,52802.2,664.8,1670.6,1096.5,0.0,41255.6,2061.0,269.6,3431.8999999999996,6.49953979190261,915.1733333333333,14080.586666666666
arándanos,40754.53,128.7,1883.9,1347.99,0.0,27530.61,1214.96,44.46,3360.59,8.245929961650889,896.1573333333333,10867.874666666667
alcachofa,12835.4,349.5,1556.7,1427.7,645.8,4356.5,543.2,39.3,3333.9,25.974258690808234,889.0400000000001,3422.773333333333
páprika,15096.9,628.7,1729.9,948.5,614.8,7674.8,1383.7,32.5,3307.1000000000004,21.905821724989902,881.8933333333334,4025.8399999999997
mandarina,10452.6,193.8,1602.4,1365.8,0.0,4507.2,1080.6,16.5,3162.0,30.2508466792951,843.2,2787.36
granada,15827.1,273.6,1617.5,1039.6,0.0,8318.9,2522.4,237.8,2930.7,18.516974050836854,781.52,4220.56
tangelo,13717.6,64.0,1576.4,1239.5,0.0,7914.6,2381.4,373.6,2879.9,20.994197235668047,767.9733333333334,3658.0266666666666
papa,10405.5,666.06,1158.88,1018.08,1261.36,2112.13,2.85,0.0,2843.02,27.322281485752725,758.1386666666666,2774.8
fresa,7954.1,533.3,1524.4,738.2,2207.4,1795.1,557.5,0.0,2795.8999999999996,35.15042556668887,745.5733333333333,2121.0933333333332
sandía,7744.8,454.1,1223.3,1113.8,484.4,969.3,281.7,0.0,2791.2,36.039665323830185,744.3199999999999,2065.28
zapallo,5085.0,412.1,1318.5,956.9,134.0,1015.4,104.0,0.0,2687.5,52.85152409046214,716.6666666666666,1356.0
mango,8244.1,172.8,1502.6,994.6,0.0,4563.1,248.6,427.2,2670.0,32.38679783117623,712.0,2198.4266666666667
zanahoria,6830.8,452.1,936.2,1164.4,634.0,1270.9,153.6,0.0,2552.7000000000003,37.37043977279382,680.72,1821.5466666666666
ajo,9952.2,602.3,1172.5,775.6,2188.8,3741.6,1057.8,0.0,2550.4,25.626494644400232,680.1066666666667,2653.92
naranja,5778.6,256.9,1347.4,884.4,0.0,3093.3,0.0,20.3,2488.7000000000003,43.06752500605683,663.6533333333334,1540.96
limón,7412.9,113.9,1553.2,808.12,0.0,2918.0,178.0,504.32,2475.2200000000003,33.39071078795074,660.0586666666667,1976.7733333333333
quinua,5906.2,568.0,1286.3,611.8,155.0,1397.9,0.0,0.0,2466.1,41.75442755070942,657.6266666666667,1574.9866666666667
lúcuma,11660.9,608.3,1249.2,583.9,0.0,7732.3,1032.0,115.3,2441.4,20.93663439357168,651.0400000000001,3109.5733333333333
maracuyá,18761.6,605.8,1157.3,637.7,269.7,14524.1,521.5,438.9,2400.8,12.796349991471946,640.2133333333334,5003.093333333333
oca,5520.0,200.0,1000.0,1200.0,2240.0,785.0,0.0,0.0,2400.0,43.47826086956522,640.0,1472.0
arroz,4723.98,9.34,1291.48,1089.94,277.84,853.39,154.61,4.6,2390.76,50.60902035995073,637.5360000000001,1259.7279999999998
aceituna,6925.1,466.2,1459.8,402.3,0.0,3124.7,382.4,0.0,2328.3,33.62117514548527,620.88,1846.6933333333334
pecana,6715.5,309.9,1531.2,408.7,0.0,2905.8,116.6,0.0,2249.7999999999997,33.50160077432804,599.9466666666666,1790.8
caña de azúcar para azúcar,6396.4,123.3,1859.8,254.3,596.8,2508.6,654.9,1.9,2237.4,34.979050716027764,596.64,1705.7066666666665
brócoli,4901.5,233.5,802.4,1113.8,480.7,532.3,113.2,0.0,2149.7,43.858002652249304,573.2533333333333,1307.0666666666666
caña de azúcar para etanol,6067.6,527.9,1325.8,238.9,94.9,1329.3,595.8,44.2,2092.6,34.48810073175555,558.0266666666666,1618.0266666666669
palma aceitera,4238.5,70.7,1307.3,651.3,0.0,1693.2,0.0,1.0,2029.3,47.87778695293146,541.1466666666666,1130.2666666666667
manzana,4439.9,235.0,952.0,750.6,0.0,2280.9,221.4,0.0,1937.6,43.64062253654362,516.6933333333333,1183.9733333333331
maíz chala,4673.5,283.1,1165.1,369.3,290.2,1497.0,137.8,1.2,1817.4999999999998,38.88948325665989,484.66666666666663,1246.2666666666667
piña,5068.0,216.1,1003.9,569.0,1021.4,1282.1,0.0,0.0,1789.0,35.299921073401734,477.06666666666666,1351.4666666666667
olluco,4407.2,168.6,1241.8,189.9,1389.9,1204.5,0.0,0.0,1600.3,36.31103648575059,426.74666666666667,1175.2533333333333
camote,3011.0,384.5,741.0,472.7,404.3,580.4,108.8,29.0,1598.2,53.07871139156426,426.18666666666667,802.9333333333333
granadilla,2543.4,161.8,614.4,689.5,523.2,414.1,6.1,0.0,1465.7,57.62758512227727,390.85333333333335,678.24
maíz choclo,2772.5,251.9,825.2,356.2,305.2,246.6,7.4,0.0,1433.3000000000002,51.6970243462579,382.21333333333337,739.3333333333334
plátano,13352.2,420.9,510.4,481.6,0.0,9499.4,375.6,208.4,1412.9,10.581776785848025,376.77333333333337,3560.586666666667
orégano,3212.3,540.2,526.7,337.7,0.0,537.2,492.5,0.0,1404.6000000000001,43.72567941973041,374.56000000000006,856.6133333333333
algodón,5003.9,157.0,711.0,465.4,257.3,1259.4,371.1,0.0,1333.4,26.647215172165712,355.5733333333334,1334.3733333333332
lechuga,16568.5,469.7,466.9,395.5,2408.7,10961.1,73.9,0.0,1332.1,8.039955336934545,355.22666666666663,4418.266666666666
caña de azúcar para alcohol,4457.3,4.7,1314.1,3.0,299.1,2836.4,0.0,0.0,1321.8,29.654723711664012,352.47999999999996,1188.6133333333335
papaya,3940.3,124.0,557.0,521.7,0.0,2164.9,0.0,0.0,1202.7,30.52305662005431,320.72,1050.7466666666667
chirimoya,6542.5,155.8,227.3,805.2,0.0,4676.9,76.2,0.0,1188.3000000000002,18.16278181123424,316.88000000000005,1744.6666666666667
rocoto,2102.5,103.8,392.6,665.4,131.5,558.6,52.4,0.0,1161.8,55.25802615933413,309.81333333333333,560.6666666666666
cacao,5671.2,55.1,788.7,212.5,0.0,4141.3,0.0,4.2,1056.3000000000002,18.625687685146005,281.68000000000006,1512.32
tuna,9872.6,239.9,724.6,75.0,0.0,7858.6,6.9,0.0,1039.5,10.529141259647915,277.2,2632.6933333333336
pallar grano seco,3633.3,34.7,474.1,512.0,226.6,356.4,89.1,0.0,1020.8,28.09567060248259,272.2133333333333,968.88
maíz amarillo duro,3067.2,48.3,589.3,347.4,154.5,909.1,106.9,0.0,984.9999999999999,32.11398017736045,262.66666666666663,817.92
haba grano verde,3674.2,368.4,374.1,228.1,509.9,1481.1,104.7,0.0,970.6,26.416634913722717,258.82666666666665,979.7866666666666
alfalfa,3608.7,222.5,337.8,355.0,0.0,2579.1,65.2,0.0,915.3,25.36370438107906,244.07999999999998,962.3199999999999
café,2130.1,159.3,349.3,261.1,0.0,1230.3,0.0,0.0,769.7,36.134453781512605,205.25333333333336,568.0266666666666
trébol,1336.9,260.3,488.8,6.1,0.0,333.8,19.2,0.0,755.2,56.48889221332934,201.38666666666668,356.5066666666667
rye grass,9624.9,481.7,235.6,12.1,0.0,7252.2,0.0,318.6,729.4,7.578260553356399,194.50666666666666,2566.64
avena forrajera,1504.4,150.0,505.7,14.9,424.5,1.8,0.0,0.0,670.6,44.57591066205796,178.82666666666668,401.17333333333335
maíz amiláceo,1421.2,99.3,394.9,138.7,288.4,422.7,40.3,0.0,632.9,44.53278919223192,168.77333333333334,378.9866666666667
frijol grano seco,1281.6,41.6,292.5,285.4,417.4,83.1,5.1,0.0,619.5,48.33801498127341,165.2,341.76
arveja grano verde,2783.4,194.3,223.3,176.0,383.5,1360.2,9.3,0.0,593.6,21.326435294962995,158.29333333333335,742.24
trigo,1290.9,75.0,387.9,85.4,362.9,379.7,0.0,0.0,548.3,42.47424277635757,146.2133333333333,344.24
yuca,3713.2,122.8,262.8,153.4,162.3,1368.0,1307.6,0.0,539.0,14.515781536141334,143.73333333333332,990.1866666666666
cebada forrajera,7692.9,98.7,402.1,15.6,183.0,0.0,0.0,0.0,516.4,6.712683123399499,137.70666666666665,2051.44
cebada,1548.2,19.3,396.4,59.6,212.7,516.1,0.0,0.0,475.3,30.700167936959048,126.74666666666667,412.85333333333335
achiote,593.2,0.0,0.0,320.0,0.0,204.9,0.0,0.0,320.0,53.94470667565745,85.33333333333333,158.18666666666667
pasto de elefante,512.9,13.4,0.0,298.5,0.0,154.4,15.1,0.0,311.9,60.81107428348606,83.17333333333333,136.77333333333334
braquearia,388.5,8.8,3.0,298.7,0.0,71.0,0.0,0.0,310.5,79.92277992277992,82.8,103.6
haba grano seco,1261.0,116.1,29.0,99.6,512.0,360.0,5.1,0.0,244.7,19.405233941316414,65.25333333333333,336.26666666666665
pijuayo,286.8,0.0,0.0,200.0,0.0,86.8,0.0,0.0,200.0,69.73500697350069,53.333333333333336,76.48
arveja grano seco,641.6,98.8,0.0,24.7,464.8,26.4,0.0,0.0,123.5,19.24875311720698,32.93333333333333,171.09333333333333
